Term,Down,Up
1,-0.75,0.7
2,-0.65,0.7
3,-0.56,0.64
4,-0.5,0.59
5,-0.46,0.55
6,-0.42,0.52
7,-0.39,0.49
8,-0.36,0.47
9,-0.33,0.44
10,-0.31,0.42
11,-0.3,0.39
12,-0.29,0.37
13,-0.28,0.35
14,-0.28,0.34
15,-0.27,0.33
16,-0.28,0.31
17,-0.28,0.3
18,-0.28,0.29
19,-0.29,0.27
20,-0.29,0.26
21,-0.288714286,0.259142857
22,-0.287428571,0.258285714
23,-0.286142857,0.257428571
24,-0.284857143,0.256571429
25,-0.283571429,0.255714286
26,-0.282285714,0.254857143
27,-0.281,0.254
28,-0.279714286,0.253142857
29,-0.278428571,0.252285714
30,-0.277142857,0.251428571
31,-0.275857143,0.250571429
32,-0.274571429,0.249714286
33,-0.273285714,0.248857143
34,-0.272,0.248
35,-0.270714286,0.247142857
36,-0.269428571,0.246285714
37,-0.268142857,0.245428571
38,-0.266857143,0.244571429
39,-0.265571429,0.243714286
40,-0.264285714,0.242857143
41,-0.263,0.242
42,-0.261714286,0.241142857
43,-0.260428571,0.240285714
44,-0.259142857,0.239428571
45,-0.257857143,0.238571429
46,-0.256571429,0.237714286
47,-0.255285714,0.236857143
48,-0.254,0.236
49,-0.252714286,0.235142857
50,-0.251428571,0.234285714
51,-0.250142857,0.233428571
52,-0.248857143,0.232571429
53,-0.247571429,0.231714286
54,-0.246285714,0.230857143
55,-0.245,0.23
56,-0.243714286,0.229142857
57,-0.242428571,0.228285714
58,-0.241142857,0.227428571
59,-0.239857143,0.226571429
60,-0.238571429,0.225714286
61,-0.237285714,0.224857143
62,-0.236,0.224
63,-0.234714286,0.223142857
64,-0.233428571,0.222285714
65,-0.232142857,0.221428571
66,-0.230857143,0.220571429
67,-0.229571429,0.219714286
68,-0.228285714,0.218857143
69,-0.227,0.218
70,-0.225714286,0.217142857
71,-0.224428571,0.216285714
72,-0.223142857,0.215428571
73,-0.221857143,0.214571429
74,-0.220571429,0.213714286
75,-0.219285714,0.212857143
76,-0.218,0.212
77,-0.216714286,0.211142857
78,-0.215428571,0.210285714
79,-0.214142857,0.209428571
80,-0.212857143,0.208571429
81,-0.211571429,0.207714286
82,-0.210285714,0.206857143
83,-0.209,0.206
84,-0.207714286,0.205142857
85,-0.206428571,0.204285714
86,-0.205142857,0.203428571
87,-0.203857143,0.202571429
88,-0.202571429,0.201714286
89,-0.201285714,0.200857143
90,-0.2,0.2
91,-0.2,0.2
92,-0.2,0.2
93,-0.2,0.2
94,-0.2,0.2
95,-0.2,0.2
96,-0.2,0.2
97,-0.2,0.2
98,-0.2,0.2
99,-0.2,0.2
100,-0.2,0.2
101,-0.2,0.2
102,-0.2,0.2
103,-0.2,0.2
104,-0.2,0.2
105,-0.2,0.2
106,-0.2,0.2
107,-0.2,0.2
108,-0.2,0.2
109,-0.2,0.2
110,-0.2,0.2
111,-0.2,0.2
112,-0.2,0.2
113,-0.2,0.2
114,-0.2,0.2
115,-0.2,0.2
116,-0.2,0.2
117,-0.2,0.2
118,-0.2,0.2
119,-0.2,0.2
120,-0.2,0.2
121,-0.2,0.2
122,-0.2,0.2
123,-0.2,0.2
124,-0.2,0.2
125,-0.2,0.2
126,-0.2,0.2
127,-0.2,0.2
128,-0.2,0.2
129,-0.2,0.2
130,-0.2,0.2
131,-0.2,0.2
132,-0.2,0.2
133,-0.2,0.2
134,-0.2,0.2
135,-0.2,0.2
136,-0.2,0.2
137,-0.2,0.2
138,-0.2,0.2
139,-0.2,0.2
140,-0.2,0.2
141,-0.2,0.2
142,-0.2,0.2
143,-0.2,0.2
144,-0.2,0.2
145,-0.2,0.2
146,-0.2,0.2
147,-0.2,0.2
148,-0.2,0.2
149,-0.2,0.2
150,-0.2,0.2