Term,Rate
1,0.044527
2,0.044665
3,0.043271
4,0.041955
5,0.04076
6,0.039607
7,0.03861
8,0.037895
9,0.037405
10,0.037063
11,0.036825
12,0.036645
13,0.036488
14,0.036338
15,0.036185
16,0.036023
17,0.035856
18,0.035686
19,0.035517
20,0.03535
21,0.035184
22,0.035019
23,0.034852
24,0.034681
25,0.034503
26,0.034318
27,0.034128
28,0.033937
29,0.033746
30,0.033558
31,0.033371
32,0.033185
33,0.032998
34,0.032807
35,0.032611
36,0.032407
37,0.032193
38,0.031967
39,0.031727
40,0.031471
41,0.031198
42,0.030919
43,0.030645
44,0.030382
45,0.030137
46,0.029915
47,0.02972
48,0.029554
49,0.02942
50,0.02932
51,0.029254
52,0.029217
53,0.029205
54,0.029213
55,0.029237
56,0.029273
57,0.029321
58,0.029377
59,0.02944
60,0.029508
61,0.02958
62,0.029655
63,0.029733
64,0.029812
65,0.029893
66,0.029974
67,0.030055
68,0.030136
69,0.030217
70,0.030297
71,0.030376
72,0.030454
73,0.030531
74,0.030607
75,0.030682
76,0.030755
77,0.030827
78,0.030898
79,0.030968
80,0.031036
81,0.031103
82,0.031168
83,0.031232
84,0.031295
85,0.031357
86,0.031417
87,0.031476
88,0.031534
89,0.03159
90,0.031646
91,0.0317
92,0.031754
93,0.031806
94,0.031857
95,0.031907
96,0.031956
97,0.032004
98,0.032051
99,0.032097
100,0.032143
101,0.032187
102,0.032187
103,0.032187
104,0.032187
105,0.032187
106,0.032187
107,0.032187
108,0.032187
109,0.032187
110,0.032187
111,0.032187
112,0.032187
113,0.032187
114,0.032187
115,0.032187
116,0.032187
117,0.032187
118,0.032187
119,0.032187
120,0.032187
121,0.032187
122,0.032187
123,0.032187
124,0.032187
125,0.032187
126,0.032187
127,0.032187
128,0.032187
129,0.032187
130,0.032187
131,0.032187
132,0.032187
133,0.032187
134,0.032187
135,0.032187
136,0.032187
137,0.032187
138,0.032187
139,0.032187
140,0.032187
141,0.032187
142,0.032187
143,0.032187
144,0.032187
145,0.032187
146,0.032187
147,0.032187
148,0.032187
149,0.032187
150,0.032187