ISIN,Maturity,Nominal,Spread,Rating,Coupon Rate
BOND1,15,15057283.06,0.012726864,AAA,0.025398211
BOND2,11,5970024.011,0.000107133,AAA,0.031754849
BOND3,12,4168.754952,0.015021042,AAA,0.038317891
BOND4,9,13765599.41,0.025804088,AAA,0.045429882
BOND5,15,1604518.727,-0.011398047,AAA,0.045853681
BOND6,26,5379386.287,0.013730467,AAA,0.040319384
BOND7,24,2501.252971,0.015844382,AAA,0.041722182
BOND8,17,9915691.039,0.013222281,AAA,0.022452023
BOND9,2,881765.0262,0.019308068,AAA,0.046587726
BOND10,8,1462409.795,0.015166437,AAA,0.051663643
BOND11,15,3962205.477,0.011558739,AAA,0.037934156
BOND12,30,833.7509905,0.013602099,AAA,0.036109927
BOND13,11,15039439.38,0.017093882,AAA,0.034825325
BOND14,28,6890089.464,0.023901336,AAA,0.055313199
BOND15,24,4422713.704,0.012813999,AAA,0.063838898
BOND16,29,1276329.106,0.013660326,AAA,0.027258797
BOND17,18,1205019.26,0.014895513,AAA,0.030882515
BOND18,12,10442777.18,0.035721451,AAA,0.048238785
BOND19,16,2126061.26,0.010547626,AAA,0.042969772
BOND20,5,12702434.15,0.007052499,AAA,0.044124014
BOND21,6,7698005.352,0.023030753,AAA,0.076857872
BOND22,21,3335.003962,0.002522351,AAA,0.021129497
BOND23,15,11942238.61,8.56E-05,AAA,0.041598631
BOND24,7,13470723.87,0.015239625,AAA,0.03522201
BOND25,12,5312424.542,0.005403336,AAA,0.044295794
BOND26,12,3575442.273,0.014339063,AAA,0.026635359
BOND27,30,3214873.975,0.000539033,AAA,0.038030655
BOND28,17,4197579.189,0.018821231,AAA,0.068406417
BOND29,14,4715450.204,0.011440476,AAA,0.054769564
BOND30,9,2250643.798,0.004117902,AAA,0.02091254
BOND31,4,11339549.27,0.012401662,AAA,0.035817648
BOND32,1,17561937.33,0.010227923,AAA,0.048816193
BOND33,28,1697431.46,0.011006536,AAA,0.028128206
BOND34,14,509152.8168,0.019118944,AAA,0.040564534
BOND35,6,8659057.815,0.002404557,AAA,0.052943961
BOND36,13,13088428.01,0.009885914,AAA,0.043876006
BOND37,2,28275128.92,0.005395317,AAA,0.030378361
BOND38,6,6656210.23,0.003869696,AAA,0.056115313
BOND39,4,5836.256933,0.016884076,AAA,0.019046223
BOND40,11,11199919.68,1.35E-05,AAA,0.035215934
BOND41,18,17616101.14,-0.004296067,AAA,0.039436213
BOND42,19,2859065.676,0.011978263,AAA,0.042850142
BOND43,8,4667352.67,0.026918896,AAA,0.027804494
BOND44,9,4168.754952,0.022755854,AAA,0.041868855
BOND45,1,19681053.52,0.005392608,AAA,0.03326959
BOND46,1,9861821.233,0.004319331,AAA,0.046179123
BOND47,12,4168.754952,0.012005944,AAA,0.013646103
BOND48,15,9793809.336,0.00274725,AAA,0.056561528
BOND49,14,3494197.83,0.00858734,AAA,0.017871942
BOND50,6,3335.003962,0.011898184,AAA,0.023282771
BOND51,12,5183547.626,0.010683953,AAA,0.043468676
BOND52,27,845177.5526,0.011472698,AAA,0.048098765
BOND53,22,8958882.883,0.020976877,AAA,0.028515791
BOND54,12,6992288.897,0.009131095,AAA,0.027621396
BOND55,9,22832203.06,0.013109874,AAA,0.048797897
BOND56,28,1618436.62,0.006792387,AAA,0.049082913
BOND57,17,215447.6552,0.017706076,AAA,0.061040604
BOND58,1,2552063.955,0.010985123,AAA,0.015387326
BOND59,15,12345086.01,0.017465286,AAA,0.046531515
BOND60,9,4417567.072,0.01895013,AAA,0.05412206
BOND61,3,2039150.686,0.01586646,AAA,0.04533837
BOND62,1,13724657.96,0.014847184,AAA,0.027017343
BOND63,13,10591928.01,0.020725497,AAA,0.041806589
BOND64,29,1141310.606,0.021390091,AAA,0.041179137
BOND65,7,3970553.522,0.013390552,AAA,0.030058103
BOND66,9,13842256.34,0.015820607,AAA,0.042179897
BOND67,3,12935030.91,0.024398095,AAA,0.038693962
BOND68,16,2501.252971,0.013881386,AAA,0.041773328
BOND69,25,3929307.448,0.011538519,AAA,0.040327744
BOND70,10,13671876.85,0.013922151,AAA,0.042792691
BOND71,5,7503.758914,0.01945545,AAA,0.019010845
BOND72,4,5836.256933,0.003708157,AAA,0.043269291
BOND73,9,8881031.842,0.016383101,AAA,0.022430007
BOND74,28,1667.501981,0.018899499,AAA,0.030247063
BOND75,17,3021514.476,0.023159327,AAA,0.031731706
BOND76,28,1209770.804,0.028707819,AAA,0.028885876
BOND77,24,9805428.278,0.004254156,AAA,0.029235568
BOND78,30,833.7509905,0.010099752,AAA,0.037475166
BOND79,15,17415407.46,0.022246837,AAA,0.049472408
BOND80,2,9738622.054,0.012916492,AAA,0.0334355
BOND81,21,7068313.887,0.008374308,AAA,0.018499835
BOND82,7,12654572.02,0.018487561,AAA,0.043047209
BOND83,2,1315554.145,0.016009513,AAA,0.028785586
BOND84,2,20891214.38,0.013571576,AAA,0.047287391
BOND85,9,11023025.46,0.020399541,AAA,0.026870632
BOND86,9,4168.754952,0.014732572,AAA,0.051998867
BOND87,23,5382150.257,0.016845045,AA,0.044035032
BOND88,11,267712.1211,0.022801526,AA,0.028157558
BOND89,16,983375.3012,0.020815605,AA,0.03222444
BOND90,5,15620929.6,0.029493059,AA,0.037855053
BOND91,12,3378104.096,0.018723908,AA,0.026756705
BOND92,14,7121041.183,0.018378976,AA,0.046081077
BOND93,11,6834353.476,0.030968679,AA,0.042261536
BOND94,29,2148982.173,0.02629968,AA,0.040587744
BOND95,14,1990765.916,0.014240348,AA,0.075846949
BOND96,14,1317333.354,0.031544303,AA,0.055512746
BOND97,17,4749856.911,0.029448096,AA,0.041216185
BOND98,10,4168.754952,0.000625634,AA,0.032758348
BOND99,26,2376816.906,0.031261928,AA,0.018450902
BOND100,6,3435474.726,0.008177998,AA,0.065537984
BOND101,18,4168.754952,0.033932857,AA,0.039372982
BOND102,9,3437879.784,0.006026681,AA,0.014832913
BOND103,12,5865194.559,0.016513631,AA,0.036841917
BOND104,17,2501.252971,0.01690708,AA,0.017730072
BOND105,10,5395802.175,0.031781211,AA,0.052370402
BOND106,19,7321007.302,0.018528927,AA,0.042438288
BOND107,16,1481696.241,0.031783013,AA,3.98E-05
BOND108,29,505761.0292,0.02152407,AA,0.050530234
BOND109,8,1077513.864,0.015170993,AA,0.022111836
BOND110,4,3181639.557,0.020357839,AA,0.044719929
BOND111,16,5149059.728,0.023936411,AA,0.054865139
BOND112,26,4055216.952,0.031236964,AA,0.03853762
BOND113,3,814793.7128,0.025103998,AA,0.049789296
BOND114,28,2149531.425,0.014994104,AA,0.038960369
BOND115,26,2098420.79,0.017712648,AA,0.059666547
BOND116,28,2885429.504,0.028305507,AA,0.026521374
BOND117,12,2356946.537,0.008738949,AA,0.068964239
BOND118,29,1538396.552,0.020874801,AA,0.061628137
BOND119,29,655603.3531,0.00791366,AA,0.047210267
BOND120,9,8799373.577,0.017497452,AA,0.050913652
BOND121,27,4139887.52,0.012022092,AA,0.037728485
BOND122,17,3581234.891,0.012119333,AA,0.013024539
BOND123,28,276428.7929,0.024485292,AA,0.02455777
BOND124,7,3324743.905,0.02761555,AA,0.047465709
BOND125,7,10695377.62,0.023600985,AA,0.033673498
BOND126,17,1124835.421,0.014728495,AA,0.03129465
BOND127,17,2964599.799,0.03103226,AA,0.032635038
BOND128,3,8038420.197,0.010901322,AA,0.032115535
BOND129,29,1723170.73,0.031048523,AA,0.01496053
BOND130,17,596264.0742,0.020770046,AA,0.024519351
BOND131,19,8192740.433,0.020114753,AA,0.028222332
BOND132,12,1580917.628,0.01371295,AA,0.034935855
BOND133,1,7475920.395,0.030307684,AA,0.025543727
BOND134,1,7051355.206,0.012694796,AA,0.061151839
BOND135,22,1039111.875,0.032815275,AA,0.037131201
BOND136,27,3370066.791,0.020508582,AA,0.048683018
BOND137,14,3191675.35,0.012252192,AA,0.039449533
BOND138,23,3603163.231,0.034298276,AA,0.038916857
BOND139,16,2117281.244,0.014279525,AA,0.06075511
BOND140,12,2485130.544,0.02600576,AA,0.014628104
BOND141,22,5604777.77,0.021722593,AA,0.029144202
BOND142,9,4906083.316,-0.002269942,AA,0.020684191
BOND143,13,4292807.985,0.016988374,AA,0.04620268
BOND144,19,6571552.036,0.009507471,AA,0.024674121
BOND145,6,4007904.782,0.033338693,AA,0.053697142
BOND146,26,4506775.407,0.021249954,AA,0.01994839
BOND147,16,1998455.188,0.012553995,AA,0.054243846
BOND148,4,7996776.691,0.01098299,AA,0.061177808
BOND149,6,1702207.781,0.012240661,AA,0.02591213
BOND150,6,1630808.268,0.017375255,AA,0.06014438
BOND151,14,4711064.55,0.028289223,AA,0.048615171
BOND152,18,7119324.04,0.029537491,AA,0.042639197
BOND153,13,2705873.116,0.014755723,AA,0.041913833
BOND154,16,3928674.298,0.020124425,AA,0.03211266
BOND155,28,1969809.67,0.031423745,AA,0.046971651
BOND156,4,7604423.734,0.025103182,AA,0.054485591
BOND157,23,2724302.645,0.019198071,AA,0.039924373
BOND158,20,3335.003962,0.0243582,AA,0.052872978
BOND159,8,11667260.21,0.02297643,AA,0.047853167
BOND160,30,58298.26028,0.032685375,AA,0.022694928
BOND161,18,7154765.389,0.036203884,AA,0.048133102
BOND162,17,1516952.556,0.008254084,AA,0.03180961
BOND163,17,3835179.419,0.010857135,AA,0.031931372
BOND164,4,13370934.61,0.009746619,AA,0.040847669
BOND165,16,6249123.381,0.019755275,AA,0.049442115
BOND166,9,4862402.658,0.011097907,AA,0.03706591
BOND167,9,5788718.406,0.013559937,AA,0.032414569
BOND168,6,5642346.94,0.016545647,AA,0.011758992
BOND169,28,3305059.967,0.025448962,AA,0.027129228
BOND170,22,1757464.575,0.035553008,AA,0.050462401
BOND171,17,3141417.088,0.036042049,AA,0.050673407
BOND172,8,7047198.218,0.02870248,AA,0.03984892
BOND173,9,5177029.777,0.018146066,AA,0.03998215
BOND174,10,5951848.308,0.011236816,AA,0.03955679
BOND175,21,3335.003962,0.006726366,AA,0.03602952
BOND176,25,7529938.558,0.019517451,AA,0.037156903
BOND177,4,5836.256933,0.032768973,AA,0.030346646
BOND178,23,3335.003962,0.020920648,AA,0.061569266
BOND179,15,5511703.387,0.012399996,AA,0.058528087
BOND180,11,1794019.634,0.014466197,AA,0.025588553
BOND181,9,4998857.562,0.010051207,AA,0.033007924
BOND182,15,4882012.901,0.02095284,AA,0.054914288
BOND183,12,4879154.447,0.012104383,AA,0.050512786
BOND184,1,4724990.202,0.013933385,AA,0.042608338
BOND185,5,13987547.71,0.025270172,AA,0.033881818
BOND186,10,8566452.72,0.02307317,AA,0.02110144
BOND187,15,9539270.868,0.024853761,AA,0.062576455
BOND188,30,898688.3148,0.007418592,AA,0.043604935
BOND189,9,5853224.841,0.017627172,AA,0.030955949
BOND190,25,4388600.309,0.024110137,AA,0.011668427
BOND191,14,7049890.359,0.017536147,AA,0.045009204
BOND192,2,8111312.545,0.017120748,AA,0.042985574
BOND193,4,1620430.449,0.01161482,AA,0.050312878
BOND194,7,1375284.733,0.022085713,AA,0.05143044
BOND195,14,3836295.706,0.024050103,AA,0.008630305
BOND196,23,2331946.654,0.017165475,AA,0.031370235
BOND197,1,4794964.681,0.020681489,AA,0.034685234
BOND198,22,5901128.523,0.00758431,AA,0.034540797
BOND199,14,3716321.987,0.021134429,AA,0.064703756
BOND200,25,4903206.012,0.036061269,AA,0.028383847
BOND201,3,5294822.846,0.016866577,AA,0.03773562
BOND202,11,3933828.924,0.013389012,AA,0.059393904
BOND203,6,4119780.866,0.020543127,AA,0.04450002
BOND204,10,12049400.32,0.034222777,AA,0.026884505
BOND205,18,8038031.788,0.02560441,AA,0.028852065
BOND206,3,5836.256933,0.004291415,AA,0.076110251
BOND207,16,122737.9281,0.022985333,AA,0.064058976
BOND208,17,2146933.949,0.020998644,AA,0.048143372
BOND209,18,8913797.608,0.026125056,AA,0.013420332
BOND210,13,1494365.163,0.026298605,AA,0.024925583
BOND211,8,10167099.46,0.017388181,AA,0.046361621
BOND212,10,4636062.306,0.015094361,AA,0.06701468
BOND213,15,8187691.976,0.025773277,AA,0.045309789
BOND214,12,3540963.369,0.025628057,AA,0.043994545
BOND215,12,4168.754952,0.026949099,AA,0.041861315
BOND216,20,1401885.807,0.025905901,AA,0.042315516
BOND217,14,1164875.94,0.024867011,AA,0.03250823
BOND218,21,1444125.323,0.031495979,AA,0.046301478
BOND219,12,2689980.795,0.038957361,AA,0.040115623
BOND220,23,3005190.61,0.00191429,AA,0.029915317
BOND221,9,4054925.706,0.023838459,AA,0.060303911
BOND222,14,5909188.27,0.018514962,AA,0.046481265
BOND223,16,7260691.205,0.021937524,AA,0.036331653
BOND224,19,1976751.034,0.018335365,AA,0.074064007
BOND225,5,11521997.36,0.019508851,AA,0.03212927
BOND226,8,1534209.107,0.026611871,AA,0.089494859
BOND227,2,13455445.24,0.010372453,AA,0.052104789
BOND228,3,12363783.12,0.02667225,AA,0.033169847
BOND229,19,10625151.94,0.021335644,AA,0.044877661
BOND230,1,5533176.251,0.017792977,AA,0.009240297
BOND231,8,2851300.903,0.005546109,AA,0.063022485
BOND232,9,2977091.332,0.029229097,AA,0.063206278
BOND233,5,10844907.52,0.012276115,AA,0.044710383
BOND234,4,6017959.731,0.027764857,AA,0.039634134
BOND235,30,777265.2132,0.031493638,AA,0.0380674
BOND236,16,2841418.17,0.00242229,AA,0.035805831
BOND237,30,1388869.605,0.020868224,AA,0.055445095
BOND238,18,3457891.003,0.026908736,AA,0.052349625
BOND239,17,772721.8009,0.001526193,AA,0.033861348
BOND240,4,6074555.004,0.003226466,AA,0.060939873
BOND241,7,6589764.377,0.0306338,AA,0.016560701
BOND242,24,3812777.844,0.018569376,AA,0.049149262
BOND243,19,4867850.399,0.023223528,AA,0.064559011
BOND244,5,4244205.965,0.014712675,AA,0.03914712
BOND245,23,3378518.263,0.036419204,AA,0.036755002
BOND246,29,1744031.211,0.035981031,AA,0.054911874
BOND247,5,13307283.64,0.011223887,AA,0.023751199
BOND248,18,4024187.009,0.015548433,AA,0.019693812
BOND249,6,9574660.662,0.030086736,AA,0.037704076
BOND250,18,6312115.324,0.004775459,AA,0.067560571
BOND251,1,3506896.085,-0.004692114,AA,0.046722248
BOND252,17,2127476.676,0.018159557,AA,0.047079664
BOND253,28,3729066.763,0.023796744,AA,0.023767391
BOND254,2,12580471.27,0.020077796,AA,0.044834148
BOND255,13,3612501.237,0.035837848,AA,0.03438832
BOND256,1,593196.6843,0.042469009,AA,0.050994603
BOND257,13,3858347.712,0.016852285,AA,0.054038575
BOND258,16,4517386.415,0.014301975,AA,0.024822719
BOND259,13,4301503.463,0.031683077,AA,0.045423108
BOND260,15,4168.754952,0.015327969,AA,0.045535433
BOND261,12,7029475.3,0.010659425,AA,0.030412292
BOND262,26,260131.8176,0.014453513,AA,0.042592221
BOND263,9,6527631.449,0.029039766,AA,0.042420603
BOND264,3,2322351.419,0.025016651,AA,0.041131798
BOND265,13,4200297.105,0.019736011,AA,0.051640219
BOND266,16,847708.9255,0.017059095,AA,0.042262815
BOND267,12,12956827.63,0.016107959,AA,0.031991238
BOND268,11,4168.754952,0.01377555,AA,0.006984496
BOND269,20,4488791.371,0.027486041,AA,0.065354766
BOND270,20,3992345.045,0.01971249,AA,0.043669688
BOND271,26,1733541.356,0.014583345,AA,0.034646397
BOND272,28,3389029.717,0.029684097,AA,0.047656277
BOND273,30,1488930.226,0.014904621,AA,0.07765248
BOND274,12,1753469.609,0.016137781,AA,0.051318343
BOND275,11,10008910.32,0.007320044,AA,0.02531665
BOND276,3,8457447.726,0.022470482,AA,0.052988101
BOND277,9,4168.754952,0.018204641,AA,0.023227392
BOND278,10,4292378.165,0.023635834,AA,0.029173207
BOND279,2,15517469.24,0.011768395,AA,0.043198682
BOND280,11,6353512.456,0.019508323,AA,0.029582004
BOND281,16,3458135.474,0.028879795,AA,0.047829131
BOND282,13,1679290.754,0.014309789,AA,0.037418543
BOND283,7,4315496.417,0.011601648,AA,0.044877107
BOND284,5,5979446.92,0.017810964,AA,0.033389127
BOND285,1,9703685.449,0.01615771,AA,0.023212837
BOND286,8,1699336.422,0.019190886,AA,0.040798916
BOND287,2,1069648.525,0.008254583,AA,0.070409816
BOND288,22,11394456.35,0.012921244,AA,0.055822408
BOND289,28,2232433.633,0.022459378,AA,0.053300127
BOND290,7,6977737.928,0.013380773,AA,0.046682425
BOND291,16,911566.8078,0.008857824,AA,0.026389757
BOND292,4,6756275.9,0.031330297,AA,0.024223102
BOND293,5,6489081.739,0.011765356,AA,0.041235237
BOND294,9,3549532.347,0.01928065,AA,0.051726274
BOND295,4,4005316.083,0.013868211,AA,0.026346017
BOND296,13,355007.9352,0.02424444,AA,0.053842069
BOND297,27,1698222.757,-0.008377278,AA,0.033553822
BOND298,18,13659257.06,0.015964518,AA,0.024925402
BOND299,19,4413031.022,0.020446939,AA,0.031224343
BOND300,16,3099184.185,0.007539123,AA,0.036339716
BOND301,12,6991025.67,0.020939539,AA,0.035082549
BOND302,28,1140851.543,0.01264293,AA,0.031999925
BOND303,5,2383985.004,0.019744805,AA,0.047261417
BOND304,13,4168.754952,0.018503595,AA,0.067939855
BOND305,17,2922203.957,0.025461548,AA,0.05195499
BOND306,22,1893517.602,0.024603086,AA,0.025361738
BOND307,9,5424748.304,0.021481321,AA,0.049836226
BOND308,12,5123760.078,0.014098638,AA,0.057319284
BOND309,16,2501.252971,0.009013102,AA,0.006769218
BOND310,8,6014760.95,0.021358785,AA,0.044080437
BOND311,14,4168.754952,0.001618169,AA,0.011138074
BOND312,27,4654234.194,0.020054142,AA,0.038660754
BOND313,17,3985563.497,0.016184889,AA,0.036236888
BOND314,11,8209743.053,0.020866593,AA,0.03159946
BOND315,7,5004330.148,0.010735635,AA,0.024785522
BOND316,23,3898661.114,0.018350832,AA,0.031716155
BOND317,14,6793453.258,0.025983571,AA,0.046129891
BOND318,17,1596012.507,0.032122823,AA,0.040595276
BOND319,17,2550412.039,0.02206146,AA,0.04917342
BOND320,16,2501.252971,0.022552155,AA,0.055177642
BOND321,7,4367699.589,0.020058101,AA,0.04477838
BOND322,8,5002.505943,0.021415255,AA,0.034831272
BOND323,12,7014643.387,0.015395387,AA,0.024859222
BOND324,16,3257909.926,0.021492565,AA,0.055907923
BOND325,6,2842844.679,0.021445763,AA,0.022284868
BOND326,15,6068035.991,0.012444013,AA,0.04818152
BOND327,8,11094275.93,0.026071758,AA,0.040311893
BOND328,27,1667.501981,0.026772579,AA,0.0462415
BOND329,11,2470611.158,0.022150863,AA,0.037428376
BOND330,17,5951923.971,0.025081772,AA,0.033752018
BOND331,14,4168.754952,0.015962818,AA,0.03745965
BOND332,27,1997951.76,0.018833827,AA,0.035116092
BOND333,2,5836.256933,0.020858896,AA,0.019298926
BOND334,19,2024765.317,0.020387226,AA,0.041147474
BOND335,4,5180093.308,0.008755994,AA,0.060015924
BOND336,23,1319332.277,0.011544654,AA,0.029710726
BOND337,16,342528.3446,0.010376415,AA,0.031112607
BOND338,14,3991702.976,0.018196162,AA,0.028720214
BOND339,5,5092854.723,0.009363748,AA,0.030713609
BOND340,13,2762188.626,0.013612304,AA,0.041826948
BOND341,12,11538.89544,0.018097656,AA,0.033042425
BOND342,13,9689804.452,0.016159658,AA,0.07440618
BOND343,12,1342650.671,0.03307144,AA,0.058862404
BOND344,23,1728108.387,0.018557159,AA,0.047296185
BOND345,25,7467552.739,0.015656273,AA,0.057589796
BOND346,28,4328370.106,0.022686488,AA,0.03303941
BOND347,17,2848575.254,0.01508613,AA,0.032251074
BOND348,17,328359.5327,0.014346297,AA,0.04274112
BOND349,3,5820893.692,0.013844645,AA,0.028392294
BOND350,15,14705.34227,0.023683148,AA,0.040341579
BOND351,13,4168.754952,0.02073094,AA,0.067714957
BOND352,23,2050344.561,0.033254345,AA,0.034295085
BOND353,5,21949694.4,0.019450943,AA,0.026718992
BOND354,21,5758884.42,0.021955533,AA,0.016984101
BOND355,3,11949577.81,0.012697303,AA,0.016098919
BOND356,21,3676395.712,0.029581323,AA,0.042171718
BOND357,7,8135771.549,0.019265249,AA,0.029001412
BOND358,19,6116813.299,0.014655514,AA,0.048734477
BOND359,14,7342617.44,0.015126228,AA,0.051145059
BOND360,14,8095931.15,0.011927421,AA,0.02317587
BOND361,9,2424225.669,0.013613271,AA,0.033042441
BOND362,1,14524097.63,0.031398499,AA,0.030842482
BOND363,26,1668892.163,0.021823984,AA,0.031358794
BOND364,2,5836.256933,0.033993494,AA,0.037037584
BOND365,14,2398553.183,0.014748573,AA,0.04026773
BOND366,25,5590566.668,0.018187016,AA,0.053162337
BOND367,15,1357705.16,0.030913631,AA,0.022433307
BOND368,15,4168.754952,0.01965459,AA,0.038735087
BOND369,28,3168394.128,0.036535846,AA,0.061352936
BOND370,9,4168.754952,0.025041422,AA,0.035095338
BOND371,26,3248678.129,0.033777489,AA,0.062338529
BOND372,9,5341621.627,0.026710079,AA,0.028977993
BOND373,22,4448444.556,0.023875884,AA,0.039699509
BOND374,12,7929219.064,0.036320784,AA,0.041687486
BOND375,25,3605688.032,0.018344209,AA,0.02654393
BOND376,10,4168.754952,0.032529331,AA,0.02079569
BOND377,5,242824.8897,0.026007362,AA,0.037035366
BOND378,14,3751706.753,0.027420931,AA,0.04074779
BOND379,28,3017487.686,0.012550137,AA,0.020692119
BOND380,8,624647.9189,0.023044119,AA,0.047138731
BOND381,19,8060924.595,0.003899257,AA,0.041876873
BOND382,3,5671322.555,0.001480455,AA,0.037669797
BOND383,2,7257597.758,0.017520438,AA,0.044268256
BOND384,3,10963724.74,0.02391267,AA,0.049699447
BOND385,14,4168.754952,0.015653368,AA,0.058227417
BOND386,28,1667.501981,0.020473635,AA,0.039480088
BOND387,1,579104.124,0.034409516,AA,0.05482551
BOND388,4,6256395.963,0.002573014,AA,0.041602153
BOND389,4,11925252.56,0.011123005,AA,0.045471428
BOND390,9,2112137.811,0.0245959,AA,0.059911602
BOND391,28,1054517.6,0.014904727,AA,0.024673953
BOND392,11,6607594.844,0.0255747,AA,0.060061077
BOND393,15,3201525.225,0.028164339,AA,0.023164361
BOND394,9,3370711.175,0.003123501,AA,0.039075742
BOND395,7,6310020.864,0.032631198,AA,0.036419865
BOND396,9,3345187.33,0.010275229,AA,0.041411821
BOND397,24,3625288.747,0.035473172,AA,0.024137021
BOND398,16,2501.252971,0.019532823,AA,0.040926986
BOND399,16,7680643.927,0.019351478,AA,0.021565331
BOND400,13,5837843.128,0.012604503,AA,0.01776328
BOND401,27,2398602.727,0.031448666,AA,0.050913904
BOND402,17,3581692.626,0.02039398,AA,0.035696512
BOND403,28,3302004.316,0.015105151,AA,0.062009615
BOND404,12,3478757.612,0.012973112,AA,0.047944781
BOND405,11,9951308.139,0.018889373,AA,0.035968297
BOND406,9,4168.754952,0.010284656,AA,0.013814756
BOND407,17,2252128.554,0.025374436,AA,0.059313732
BOND408,6,3335.003962,0.013873038,AA,0.04424546
BOND409,8,2043993.952,0.017722939,AA,0.044459149
BOND410,1,4466859.114,0.026207861,AA,0.066164547
BOND411,16,4050534.434,0.006456414,AA,0.031714206
BOND412,20,5281507.697,0.017828187,AA,0.044504397
BOND413,15,4172259.991,0.022476712,AA,0.047766071
BOND414,5,4099393.213,0.028559609,AA,0.015150191
BOND415,15,4295856.4,-0.008439485,AA,0.048302379
BOND416,5,8059435.775,0.018399362,AA,0.026595122
BOND417,6,7961534.172,0.014718087,AA,0.065148773
BOND418,1,3551915.363,0.031155594,AA,0.040929264
BOND419,21,5423833.489,0.020385502,AA,0.018826721
BOND420,5,3325433.72,0.010285421,AA,0.033110552
BOND421,22,3882600.265,0.014053776,AA,0.040364331
BOND422,16,5039938.707,0.015368809,AA,0.068402407
BOND423,15,7609233.032,0.006756771,AA,0.048904483
BOND424,3,8635648.947,0.049718873,AA,0.059539493
BOND425,29,395332.361,0.01880515,AA,0.042248334
BOND426,7,4168.754952,0.011916121,AA,0.037696974
BOND427,16,2501.252971,0.014344333,AA,0.048152582
BOND428,3,5836.256933,0.012905017,AA,0.04126797
BOND429,1,7845487.41,0.018117934,AA,0.054075931
BOND430,3,6653470.687,0.02997284,AA,0.026413981
BOND431,2,2514156.243,0.009882917,AA,0.048324618
BOND432,13,4168.754952,0.035931494,AA,0.039668082
BOND433,26,3361018.942,0.013488216,AA,0.040646889
BOND434,11,3613782.905,0.021075302,AA,0.046685529
BOND435,16,983960.8715,0.038689472,AA,0.034489476
BOND436,23,5455706.511,0.028099157,AA,0.028742874
BOND437,12,10673274.11,0.025581022,AA,0.053784123
BOND438,3,4819210.407,0.015576604,AA,0.025855187
BOND439,27,4821755.614,0.020160202,AA,0.051728186
BOND440,30,833.7509905,0.029275248,AA,0.051267076
BOND441,5,3285670.368,0.031482208,AA,0.048442631
BOND442,7,12195086.07,0.004765113,AA,0.032256135
BOND443,22,3335.003962,0.024037477,AA,0.03640957
BOND444,7,6981136.614,0.013406557,AA,0.042371834
BOND445,21,3277223.427,0.024280186,AA,0.020493761
BOND446,8,12288119.02,0.014853155,AA,0.049194548
BOND447,7,8861533.285,0.012978643,AA,0.020000855
BOND448,11,1581451.513,0.031699505,AA,0.029258926
BOND449,7,4168.754952,0.027495433,AA,0.038783933
BOND450,8,5168019.448,0.020436273,AA,0.034508139
BOND451,12,11707597.51,0.02385594,AA,0.044251815
BOND452,1,4574018.802,0.023857083,AA,0.020579871
BOND453,16,5726563.937,0.028300642,AA,0.022443305
BOND454,14,7792707.198,0.019392373,AA,0.027019904
BOND455,15,8315010.766,0.024537226,AA,0.031596448
BOND456,23,3335.003962,0.018563421,AA,0.07568136
BOND457,5,3467217.948,0.011301059,AA,0.024460785
BOND458,17,6045682.953,0.018117696,AA,0.014170261
BOND459,11,3278590.089,0.030687316,AA,0.040310784
BOND460,8,3523020.115,0.002548637,AA,0.049964046
BOND461,21,4571520.14,0.020324336,AA,0.008263585
BOND462,16,1272632.05,0.008808902,AA,0.034854198
BOND463,20,4137417.42,0.022077327,AA,0.043303321
BOND464,21,8776099.384,0.004276581,AA,0.032656971
BOND465,19,4237563.498,0.014576061,AA,0.056834968
BOND466,23,2882393.152,0.035061424,AA,0.046302812
BOND467,10,265640.4802,0.018613717,AA,0.038838297
BOND468,16,3086812.091,0.02659404,AA,0.033671388
BOND469,2,1781898.759,0.021825611,AA,0.042340668
BOND470,12,10437374.12,0.028215958,AA,0.028884079
BOND471,30,959274.4415,0.014839456,AA,0.034321811
BOND472,5,10177846.25,0.015399454,AA,0.014708353
BOND473,27,534972.1423,0.016062185,AA,0.058439381
BOND474,7,3043778.512,0.022177583,AA,0.045663254
BOND475,7,6340912.055,0.027075579,AA,0.071247656
BOND476,2,3834418.676,0.037704268,AA,0.049470314
BOND477,19,3989724.99,0.002550027,AA,0.067330819
BOND478,11,4168.754952,0.001251029,AA,0.034415948
BOND479,11,9382535.003,0.039569732,AA,0.032472494
BOND480,8,9001871.985,0.028946122,AA,0.040080311
BOND481,30,908028.9416,0.014591851,AA,0.028003394
BOND482,13,9530235.748,0.013757343,AA,0.038365615
BOND483,8,12268346.68,0.032163385,AA,0.056438684
BOND484,8,5002.505943,0.018524761,AA,0.031213678
BOND485,19,3091912.569,0.009737031,AA,0.037678069
BOND486,9,8689739.395,0.008893129,AA,0.074022572
BOND487,29,370803.7052,0.03182826,AA,0.051610124
BOND488,8,6147607.567,0.029976283,AA,0.038564974
BOND489,2,3430729.255,-0.000945598,AA,0.058706368
BOND490,11,7850925.201,0.020213615,AA,0.025948663
BOND491,26,1667.501981,0.036850765,AA,0.042320639
BOND492,16,3271938.24,0.005811005,AA,0.009221323
BOND493,14,2044310.421,0.010776692,AA,0.028160278
BOND494,26,3969515.925,0.016754948,AA,0.049821675
BOND495,17,2501.252971,0.029709688,AA,0.027741395
BOND496,23,12300396.73,0.020517104,AA,0.051583851
BOND497,19,5673371.484,0.028166048,AA,0.048954747
BOND498,30,1075243.365,0.027583412,AA,0.051322458
BOND499,1,11120865.07,0.014923792,AA,0.038339498
BOND500,22,2775413.04,0.012076464,AA,0.067105517
BOND501,14,826554.1199,0.036438406,AA,0.022254122
BOND502,4,5660781.981,0.022646692,AA,0.05670197
BOND503,7,6133060.148,-0.003205328,AA,0.06126644
BOND504,8,5842973.826,0.006488216,AA,0.055653727
BOND505,29,1627442.79,0.031091355,AA,0.045826029
BOND506,16,253991.5699,0.031867933,AA,0.06154518
BOND507,3,8847440.736,0.033189161,AA,0.057552002
BOND508,30,388004.7191,0.021842274,AA,0.054265011
BOND509,3,11255044.88,0.020020988,AA,0.045480255
BOND510,18,115810.9069,0.022536967,AA,0.044505181
BOND511,8,9604080.717,0.004762468,AA,0.015413075
BOND512,13,4066141.026,0.017329094,AA,0.030307861
BOND513,19,7283809.747,0.003685476,AA,0.063724759
BOND514,25,293610.1544,0.014310447,AA,0.05071041
BOND515,25,5832899.17,0.021573257,AA,0.048738184
BOND516,27,1628211.081,0.027458438,AA,0.06097211
BOND517,16,7246789.237,0.029463104,AA,0.044177201
BOND518,30,619864.8644,0.030072393,AA,0.033009041
BOND519,14,2740822.842,0.022726965,AA,0.053235003
BOND520,26,4474384.205,0.019447719,AA,0.073547973
BOND521,17,769346.5994,0.011373492,AA,0.049911173
BOND522,24,4659366.682,0.033576599,AA,0.010479553
BOND523,5,20561779.87,0.017667065,AA,0.022864307
BOND524,4,8110664.316,0.02986403,AA,0.051171706
BOND525,23,891763.2553,0.030033242,AA,0.027408814
BOND526,7,4168.754952,0.020969432,AA,0.054529763
BOND527,15,4171194.898,0.021510196,AA,0.038252985
BOND528,11,6463051.85,0.019918238,AA,0.007965672
BOND529,14,4168.754952,0.014899168,AA,0.049312639
BOND530,6,4181226.13,0.01859264,AA,0.030889926
BOND531,25,2501.252971,0.012398487,AA,0.034815243
BOND532,15,8206672.376,0.022601589,AA,0.011598544
BOND533,14,7238730.448,0.026680226,AA,0.01758101
BOND534,9,9015245.378,0.023110366,AA,0.029413872
BOND535,2,8874302.094,0.002125865,AA,0.037634369
BOND536,25,5770635.087,0.005789161,AA,0.026641065
BOND537,8,6647349.129,0.023376395,AA,0.019382594
BOND538,15,3312624.216,0.018733163,AA,0.041256549
BOND539,2,8608238.086,0.031900349,AA,0.046822802
BOND540,11,10443595.44,0.021498528,AA,0.03304339
BOND541,17,2501.252971,0.017729618,AA,0.020900561
BOND542,25,5310341.352,0.031263576,AA,0.036522942
BOND543,30,1107148.617,0.040971615,AA,0.070734501
BOND544,23,2352050.918,0.015611534,AA,0.021783436
BOND545,4,9446127.392,0.019229466,AA,0.071391122
BOND546,8,8143669.295,0.019261884,AA,0.023263718
BOND547,10,4518699.41,0.00955511,AA,0.037781399
BOND548,17,1487384.886,0.013215291,AA,0.041985732
BOND549,5,16773035.73,0.024934656,AA,0.048401541
BOND550,27,4037486.671,0.02995088,AA,0.069419482
BOND551,14,5802213.637,0.015527137,AA,0.041083489
BOND552,21,3335.003962,0.013382366,AA,0.039199139
BOND553,20,1530847.818,0.020409933,AA,0.016006406
BOND554,5,12299773.71,0.01272803,AA,0.044609215
BOND555,13,7432053.644,0.009780202,AA,0.050142848
BOND556,3,1915902.692,0.01012536,AA,0.035209106
BOND557,16,4650544.516,0.033347585,AA,0.04267416
BOND558,16,2984606.985,0.019585812,AA,0.03705828
BOND559,22,4096179.388,0.029690024,AA,0.029010873
BOND560,22,4715828.167,0.006540849,AA,0.031909861
BOND561,10,8263986.316,0.037630614,AA,0.057011675
BOND562,17,402290.6693,0.017129074,AA,0.04459211
BOND563,13,4168.754952,0.040250822,AA,0.042474389
BOND564,14,319901.2838,0.023825882,AA,0.063012239
BOND565,16,2521868.561,0.026807806,AA,0.04391542
BOND566,30,506186.4986,0.023862786,AA,0.042769058
BOND567,17,3447369.647,0.013992784,AA,0.068943957
BOND568,24,1334838.873,0.023920647,AA,0.009924445
BOND569,13,12982602.83,0.02030999,AA,0.012087782
BOND570,15,482540.5472,0.000818396,AA,0.022382453
BOND571,26,2013018.722,0.020769521,AA,0.023005067
BOND572,5,7503.758914,0.02295922,AA,0.052189911
BOND573,29,1175750.506,0.023598474,AA,0.034242892
BOND574,13,4639094.487,0.017606405,AA,0.050083762
BOND575,6,3335.003962,0.000909528,AA,0.03568604
BOND576,15,7007695.177,0.016501834,AA,0.043233745
BOND577,24,1708263.258,0.015684742,AA,0.02765495
BOND578,16,1324492.792,0.037542065,AA,0.046393673
BOND579,25,1265797.847,0.029512047,AA,0.038201027
BOND580,12,9930233.838,0.02810357,AA,0.037025748
BOND581,9,1865315.335,0.019531941,AA,0.04167589
BOND582,28,2276001.943,0.034964395,AA,0.063789504
BOND583,16,3802034.053,0.023953852,AA,0.05702372
BOND584,4,11686336.2,0.025032164,AA,0.037867583
BOND585,19,4168.754952,0.02017711,AA,0.037815778
BOND586,16,4204068.988,0.023214429,AA,0.057078863
BOND587,11,9274659.04,0.003700965,AA,0.050670563
BOND588,21,1398276.164,0.023014519,AA,0.050115994
BOND589,8,5624027.005,0.033945036,AA,0.047438151
BOND590,29,1378762.974,0.012528445,AA,0.041309528
BOND591,5,5458340.071,0.009964768,AA,0.02448818
BOND592,8,2074784.468,0.020254823,AA,0.022580228
BOND593,13,7590612.887,0.017401204,AA,0.041081726
BOND594,7,13541815.09,0.013772639,AA,0.040642979
BOND595,13,8031658.803,0.026917567,AA,0.038080987
BOND596,20,6108792.254,0.010459118,AA,0.061404894
BOND597,10,4198362.814,0.017491971,AA,0.063644123
BOND598,16,1243520.847,0.008966971,AA,0.063022601
BOND599,11,8228782.908,0.026277434,AA,0.058776834
BOND600,13,2051309.821,0.006682709,AA,0.038680999
BOND601,14,2155947.678,0.024422031,AA,0.050750385
BOND602,14,4168.754952,0.018828708,AA,0.051322828
BOND603,1,652212.8206,0.018025137,AA,0.019191684
BOND604,12,4168.754952,0.012848545,AA,0.036043699
BOND605,13,6953087.81,0.011061794,AA,0.070910955
BOND606,26,569780.3609,0.02859845,AA,0.022838758
BOND607,11,27297.62496,0.004986317,AA,0.026012483
BOND608,3,8819039.21,0.032614663,AA,0.038430957
BOND609,26,1158743.063,0.018518728,AA,0.023510541
BOND610,1,4569374.911,0.004641718,AA,0.047947064
BOND611,20,3306695.343,0.01566749,AA,0.063668689
BOND612,10,2511839.157,0.018378087,AA,0.029732564
BOND613,12,5333558.757,0.019561165,AA,0.012879501
BOND614,9,4168.754952,0.016427485,AA,0.058387606
BOND615,23,3275483.654,0.018555257,AA,0.051687661
BOND616,9,4168.754952,0.009655882,AA,0.045689298
BOND617,1,5419.381438,0.028906424,AA,0.01903332
BOND618,29,1849138.232,0.023179249,AA,0.061747426
BOND619,16,3412695.412,0.016573317,AA,0.033123125
BOND620,20,893428.6973,0.01733171,AA,0.02788498
BOND621,16,4860406.548,0.028329787,AA,0.04308418
BOND622,24,2760804.722,0.030049064,AA,0.032383032
BOND623,22,4200701.452,0.024947168,AA,0.043030875
BOND624,10,10640921.52,0.019465099,AA,0.046433962
BOND625,5,11680493.48,0.012660545,AA,0.046145664
BOND626,1,15085808.37,0.025115737,AA,0.052064988
BOND627,29,506462.1683,0.005436967,AA,0.056381846
BOND628,13,5042122.645,0.020807905,AA,0.046384232
BOND629,13,6530670.281,0.009276305,AA,0.024673852
BOND630,13,4168.754952,0.015168212,AA,0.04859375
BOND631,10,4168.754952,0.018343944,AA,0.024662643
BOND632,14,6281770.06,0.024255288,AA,0.036111352
BOND633,11,5584795.548,0.028151692,AA,0.027106506
BOND634,1,939512.0505,0.026915938,AA,0.017087998
BOND635,22,1235731.743,0.029839308,AA,0.067272791
BOND636,17,3510429.458,0.02849256,AA,0.029916469
BOND637,13,4168.754952,0.034273452,AA,0.036088507
BOND638,13,2108531.567,0.024072025,AA,0.079685636
BOND639,19,612537.4683,0.027363176,AA,0.035950716
BOND640,5,15186432.36,0.016477174,AA,0.041826018
BOND641,21,5582432.824,0.018822953,AA,0.063760578
BOND642,3,577001.1815,0.021966582,AA,0.064621169
BOND643,9,8186473.229,0.023360892,AA,0.04119498
BOND644,4,9475807.214,0.008869446,AA,0.047014822
BOND645,28,2250403.87,0.015686218,AA,0.027711636
BOND646,19,6128968.564,0.032564347,AA,0.003954728
BOND647,14,2138698.803,0.022720761,AA,0.041944614
BOND648,16,1750626.211,0.014665988,AA,0.052086982
BOND649,26,2738784.688,0.032149609,AA,0.037126283
BOND650,6,4943260.539,0.024140799,AA,0.034936628
BOND651,14,10366192.51,0.011537431,AA,0.055644943
BOND652,14,3598530.341,0.011076711,AA,0.028715852
BOND653,10,4168.754952,0.042580757,AA,0.056276651
BOND654,14,2012622.468,0.015998424,AA,0.057554166
BOND655,17,362169.8183,0.014797047,AA,0.029816614
BOND656,16,3794012.876,0.019907966,AA,0.032885433
BOND657,16,3200783.051,0.032795976,AA,0.031301952
BOND658,10,4335925.871,0.028203315,AA,0.034855029
BOND659,20,5782740.071,0.011811048,AA,0.024854335
BOND660,3,4473815.616,0.019210429,AA,0.09040207
BOND661,15,4168.754952,0.021523696,AA,0.049397183
BOND662,16,3878850.151,0.020558175,AA,0.052793123
BOND663,20,3335.003962,0.014358113,AA,0.036978569
BOND664,26,2137366.877,0.010913633,AA,0.045031785
BOND665,11,332956.0868,0.011427836,AA,0.015981116
BOND666,17,2501.252971,0.009295124,AA,0.034183406
BOND667,12,2658062.578,0.014361746,AA,0.037707587
BOND668,17,2180224.701,0.020551524,AA,0.058890096
BOND669,26,1421175.748,0.019419733,AA,0.017420208
BOND670,30,1814352.094,0.018586089,AA,0.051603897
BOND671,12,1238204.516,0.019469554,AA,0.034552791
BOND672,17,5547930.845,0.017894013,AA,0.028123013
BOND673,27,1561804.487,0.016053021,AA,0.044243055
BOND674,5,7503.758914,0.026922226,AA,0.052236905
BOND675,8,11147902.22,0.020353993,AA,0.050076332
BOND676,10,5210842.835,0.010572529,AA,0.011583641
BOND677,27,4292675.805,0.026053762,AA,0.037197126
BOND678,16,5012346.753,0.022561484,AA,0.042691097
BOND679,5,15253870.44,0.022793817,AA,0.040619889
BOND680,10,341125.8841,0.01222403,AA,0.056500748
BOND681,11,448794.7531,0.027846407,AA,0.033290997
BOND682,15,6560815.287,0.017981608,AA,0.012185666
BOND683,14,7576597.168,0.01646371,AA,0.02933068
BOND684,27,136817.742,0.010206972,AA,0.03994722
BOND685,16,446971.4172,0.022674398,AA,0.024828155
BOND686,25,2200406.333,0.008184868,AA,0.025844097
BOND687,11,6412402.651,0.018472021,AA,0.052422113
BOND688,5,7760590.676,0.017751507,AA,0.062653502
BOND689,9,3899737.933,0.0254659,AA,0.03640816
BOND690,4,10308951.13,0.018351111,AA,0
BOND691,26,1667.501981,0.027885402,AA,0.033407759
BOND692,11,4221896.078,0.024042562,AA,0.049135884
BOND693,11,4842738.76,0.033639142,AA,0.048940615
BOND694,9,4777512.577,0.014975681,AA,0.043682015
BOND695,29,1219220.047,0.022953088,AA,0.051277467
BOND696,22,3335.003962,0.022132469,AA,0.040911889
BOND697,10,4168.754952,0.024373005,AA,0.064705342
BOND698,2,1501782.274,0.020832649,AA,0.01347405
BOND699,14,4001797.242,0.029773933,AA,0.056806411
BOND700,28,1872199.763,0.006930223,AA,0.040316834
BOND701,12,5637012.91,0.019170703,AA,0.0409426
BOND702,7,3768555.642,0.027643586,AA,0.045495194
BOND703,1,12819212.64,0.017159484,AA,0.048746528
BOND704,3,1401096.97,0.017501449,AA,0.02816242
BOND705,15,3180726.525,0.018892083,AA,0.049140883
BOND706,30,1917866.754,0.029669717,AA,0.038927549
BOND707,1,3531616.76,0.023880131,AA,0.048926054
BOND708,17,4295117.741,0.04253762,AA,0.0250486
BOND709,15,4168.754952,0.027678928,AA,0.049692037
BOND710,27,2623832.978,0.020049845,AA,0.053464878
BOND711,28,3939728.997,0.018296566,AA,0.0104595
BOND712,1,10202530.4,0.013999696,AA,0.004441387
BOND713,16,2953927.349,0.025111258,AA,0.074160036
BOND714,3,5905400.85,0.008931033,AA,0.055816769
BOND715,29,446443.9799,0.024257923,AA,0.033314994
BOND716,28,1554368.869,0.01709798,AA,0.044312426
BOND717,6,1459880.462,0.03762813,AA,0.036573544
BOND718,7,6613876.403,0.01820388,AA,0.034352105
BOND719,13,6888844.385,0.022391002,AA,0.036046393
BOND720,16,4529394.535,0.018892654,AA,0.03640175
BOND721,13,5604763.64,0.024206603,AA,0.046181396
BOND722,20,5242677.889,0.023938918,AA,0.039176621
BOND723,21,7282471.662,0.006132043,AA,0.041794014
BOND724,21,3335.003962,0.017120674,AA,0.054459764
BOND725,12,5768099.602,0.01022894,AA,0.020219931
BOND726,9,5424269.941,0.017717144,AA,0.039446202
BOND727,22,1466980.032,0.018708244,AA,0.062255004
BOND728,7,1029329.692,0.022065436,AA,0.050046231
BOND729,14,4168.754952,0.007347525,AA,0.017277485
BOND730,21,1424622.294,0.024415256,AA,0.041497665
BOND731,30,1438710.417,0.012595846,AA,0.038696302
BOND732,2,6755412.515,0.033225623,AA,0.038196047
BOND733,1,7603673.308,0.03207622,AA,0.042188714
BOND734,29,833.7509905,0.019492597,AA,0.062878394
BOND735,12,9522933.483,0.022689984,AA,0.034367157
BOND736,29,1149398.191,0.015164833,AA,0.048029297
BOND737,26,1667.501981,0.011783184,AA,0.040987658
BOND738,12,5108750.024,0.002286108,AA,0.043075246
BOND739,7,4566087.56,0.006870009,AA,0.032175262
BOND740,21,7785149.417,0.022642514,AA,0.011925183
BOND741,14,3385318.41,0.003523921,AA,0.03875491
BOND742,30,1492379.092,0.019731221,AA,0.012643169
BOND743,17,238305.5225,0.031261967,AA,0.016824971
BOND744,22,2225299.042,0.028337697,AA,0.043368808
BOND745,12,4968328.798,0.015524533,AA,0.065579322
BOND746,12,1213439.374,0.026515758,AA,0.028973835
BOND747,14,2438960.294,0.017789245,AA,0.047551381
BOND748,13,2831786.783,0.018182322,AA,0.039649499
BOND749,14,3800922.431,0.0241657,AA,0.057579709
BOND750,10,4168.754952,0.030767724,AA,0.061051638
BOND751,27,1385335.691,0.012433142,AA,0.038050874
BOND752,27,963339.7611,0.032682919,AA,0.022828557
BOND753,4,6384714.862,0.014647316,AA,0.062095703
BOND754,17,2501.252971,0.015659231,AA,0.05541195
BOND755,11,7620071.238,-0.005485072,AA,0.058644747
BOND756,18,6610605.81,0.011967469,AA,0.051002301
BOND757,10,1633032.238,0.016941704,AA,0.070267076
BOND758,12,4168.754952,0.032420681,AA,0.04555369
BOND759,19,6531935.053,0.02254722,AA,0.030806276
BOND760,27,2334090.175,0.023203244,AA,0.038028607
BOND761,2,4179483.251,0.002069814,AA,0.039680354
BOND762,9,10226696.78,0.021614352,AA,0.059372901
BOND763,11,4168.754952,0.031161386,AA,0.050972112
BOND764,30,1463399.581,0.023836367,AA,0.046786174
BOND765,13,3693577.372,0.019350141,AA,0.022791053
BOND766,5,22355909.53,0.026609082,AA,0.04632634
BOND767,13,306974.2752,0.027666602,AA,0.02965214
BOND768,25,2501.252971,0.018607793,AA,0.052405768
BOND769,6,9662625.506,0.013950005,AA,0.054909405
BOND770,18,9245056.303,0.015491733,AA,0.047287569
BOND771,6,1708729.056,0.010834979,AA,0.036047776
BOND772,14,5955596.926,0.016916464,AA,0.042337866
BOND773,4,5836.256933,0.00998999,AA,0.044933712
BOND774,7,4168.754952,0.031258755,AA,0.011617128
BOND775,30,1017250.781,0.015699306,AA,0.016368352
BOND776,9,5434750.272,0.009112494,AA,0.03186076
BOND777,1,1517133.059,0.013444409,AA,0.045123148
BOND778,2,2213733.113,0.02540097,AA,0.045518103
BOND779,26,1667.501981,0.015080753,AA,0.047119967
BOND780,9,1460665.182,0.019290099,AA,0.045475383
BOND781,6,4727257.804,0.012809596,AA,0.060810025
BOND782,3,5836.256933,0.025236415,AA,0.046767295
BOND783,27,3860287.261,0.031757297,AA,0.038080029
BOND784,4,13197305.6,0.019122269,AA,0.030656292
BOND785,2,18904915.01,0.022390683,AA,0.05796331
BOND786,22,193225.2129,0.022869768,AA,0.057707979
BOND787,1,4107329.235,0.029739269,AA,0.04852092
BOND788,8,4351404.453,0.014583855,AA,0.07250338
BOND789,8,10922199.73,0.026920423,AA,0.060830546
BOND790,15,2912257.358,0.033419424,AA,0.030219352
BOND791,6,3335.003962,0.008583786,AA,0.03835115
BOND792,14,7270149.734,0.024729133,AA,0.020358736
BOND793,29,833.7509905,0.022951194,AA,0.046542311
BOND794,5,3535741.975,0.03686943,AA,0.034993982
BOND795,13,5300340.752,0.020273443,AA,0.050369066
BOND796,4,4141140.029,0.04670175,AA,0.051047173
BOND797,13,4855213.23,0.028755446,AA,0.036072699
BOND798,2,6259827.49,0.032114918,AA,0.053818456
BOND799,14,4168.754952,0.020466299,AA,0.059348856
BOND800,26,458602.4173,0.032363453,AA,0.069002557
BOND801,7,5915828.93,0.024576879,AA,0.041141568
BOND802,6,3968280.56,0.009985932,AA,0.034712833
BOND803,23,4913526.549,0.024023827,AA,0.040378961
BOND804,1,431203.2366,0.014213271,AA,0.033133598
BOND805,8,6198319.715,0.027812401,AA,0.051890017
BOND806,2,4615633.894,0.024660118,AA,0.027525562
BOND807,28,2013092.595,0.021298987,AA,0.039035341
BOND808,1,9561980.874,0.010592931,AA,0.052027195
BOND809,3,7159051.271,0.026845567,AA,0.034486504
BOND810,21,60444.92943,0.016371825,AA,0.033433286
BOND811,15,2794822.068,0.027478241,AA,0.045223777
BOND812,6,641949.0971,0.017598169,AA,0.057023083
BOND813,9,2798111.127,0.023828282,AA,0.035278431
BOND814,4,12532762.34,0.009024031,AA,0.05803919
BOND815,13,4366532.519,0.013055098,AA,0.038476631
BOND816,15,6614167.044,0.018948475,AA,0.046699177
BOND817,13,504829.0209,0.024236512,AA,0.05086766
BOND818,27,1168225.118,0.019927206,AA,0.03659434
BOND819,12,11002622.66,0.022803116,AA,0.058770188
BOND820,27,172744.0004,0.021714894,AA,0.047031469
BOND821,17,2218311.464,0.016886414,AA,0.061832172
BOND822,15,6248204.791,0.048781885,AA,0.048966251
BOND823,27,1445793.023,0.019597436,AA,0.050417818
BOND824,30,833.7509905,0.018430809,AA,0.033679322
BOND825,6,7163017.905,0.010524323,AA,0.048367493
BOND826,6,8041106.976,0.026381729,AA,0.041172557
BOND827,4,2714973.935,0.019067073,AA,0.038504157
BOND828,18,13429274.28,0.032419312,AA,0.02901209
BOND829,16,293324.6512,0.003949789,AA,0.046300263
BOND830,8,3934970.338,0.031519117,AA,0.054244962
BOND831,16,1019289.742,0.027455504,AA,0.051522689
BOND832,11,2256520.716,0.028048536,AA,0.009968177
BOND833,23,4455732.374,0.023273862,AA,0.056219492
BOND834,2,5281320.538,0.001380852,AA,0.036398312
BOND835,8,5002.505943,0.029486193,AA,0.052444589
BOND836,28,2819489.515,0.03252498,AA,0.049437125
BOND837,15,3584056.985,0.022388069,AA,0.03945288
BOND838,7,4468950.525,0.019094948,AA,0
BOND839,15,2100590.508,0.004119727,AA,0.053986928
BOND840,16,4851128.353,0.024783984,AA,0.044966367
BOND841,12,4859039.873,0.001428419,AA,0.026940333
BOND842,10,6191175.386,0.006167658,AA,0.034693888
BOND843,27,926270.9519,-0.005106536,AA,0.028468047
BOND844,24,4606238.353,0.004365173,AA,0.05957299
BOND845,24,4585462.468,0.030978771,AA,0.039035772
BOND846,9,2515835.998,0.03164102,AA,0.057738518
BOND847,16,3927902.937,0.008621357,AA,0.04427334
BOND848,4,11160058.8,0.019230444,AA,0.046221396
BOND849,8,8233230.249,0.01236565,AA,0.009522459
BOND850,14,4168.754952,0.016188946,AA,0.019794173
BOND851,16,1417873.939,0.005135625,AA,0.059271808
BOND852,17,3896865.798,0.028062961,AA,0.020291491
BOND853,17,5713883.613,0.015933177,AA,0.036453964
BOND854,14,4168.754952,0.015182693,AA,0.02430931
BOND855,1,3030254.093,0.010534923,AA,0.054605738
BOND856,7,4168.754952,-0.002747286,AA,0.037914286
BOND857,19,4383160.846,0.024663817,AA,0.056253592
BOND858,16,819066.8402,0.028803021,AA,0.029266223
BOND859,27,2539809.512,0.030335923,AA,0.037605249
BOND860,26,1667.501981,0.02304037,AA,0.032264923
BOND861,3,3238680.938,0.012379133,AA,0.046151782
BOND862,19,5669102.508,0.017723177,AA,0.03173594
BOND863,3,4269429.701,0.010868762,AA,0.027666742
BOND864,1,2391214.595,0.015541846,AA,0.065182927
BOND865,13,2919041.629,0.027431852,AA,0.042883849
BOND866,11,6597246.947,0.040516658,AA,0.029773867
BOND867,19,4168.754952,0.022711096,AA,0.053452158
BOND868,24,2823691.018,0.026516005,AA,0.041812923
BOND869,19,7892788.063,0.017798356,AA,0.024143074
BOND870,6,1111211.341,0.007728178,AA,0.034570592
BOND871,28,2756959.489,0.021364825,AA,0.047062365
BOND872,14,9820492.313,0.024277299,AA,0.047669225
BOND873,27,1667.501981,0.005581187,AA,0.043297191
BOND874,2,5836.256933,0.024417502,AA,0.054534112
BOND875,7,1838866.072,0.018562065,AA,0.015892665
BOND876,14,3876572.842,0.026393882,AA,0.010906274
BOND877,8,4010433.513,0.019312835,AA,0.049989796
BOND878,27,3455499.379,0.014469312,AA,0.028567475
BOND879,15,9482101.429,0.018126506,AA,0.040031223
BOND880,8,10351310.01,0.030749482,AA,0.036508643
BOND881,17,4262974.616,0.016182617,AA,0.041105733
BOND882,17,4706047.544,0.004006944,AA,0.048440323
BOND883,20,4849382.497,0.019223422,AA,0.032878256
BOND884,10,5149511.052,0.016340043,AA,0.039314305
BOND885,12,8444196.622,0.013553213,AA,0.058862459
BOND886,8,3129420.479,0.027873796,AA,0.056374306
BOND887,5,7167313.512,0.025223903,AA,0.040472003
BOND888,8,258659.9918,0.033612979,AA,0.048622838
BOND889,30,249850.7885,0.020586585,AA,0.045886983
BOND890,13,2001550.641,0.015494064,AA,0.020136199
BOND891,16,1645435.006,0.028393038,AA,0.037779142
BOND892,15,11207454.74,0.021780416,AA,0.038396644
BOND893,30,331422.4788,0.028677383,AA,0.066548268
BOND894,5,22234072.01,0.019493899,AA,0.046940369
BOND895,10,8329669.844,0.0157909,AA,0.027503156
BOND896,1,367537.1206,0.010329659,AA,0.03382077
BOND897,21,6857000.083,0.02556398,AA,0.03494627
BOND898,8,9090213.682,0.024218948,AA,0.037433882
BOND899,27,725427.3017,0.035699239,AA,0.019584447
BOND900,17,2501.252971,0.038355172,AA,0.040101741
BOND901,13,8178763.659,0.022506566,AA,0.037792849
BOND902,16,3761574.1,0.014222846,AA,0.024806088
BOND903,17,2046637.695,0.009882929,AA,0.059771105
BOND904,25,5796134.012,0.022316531,AA,0.045297864
BOND905,18,7521070.013,0.017018205,AA,0.051235851
BOND906,13,4168.754952,0.018305597,AA,0.025660429
BOND907,5,22467360.26,0.0209537,AA,0.059803184
BOND908,24,3173445.639,0.007466325,AA,0.058389774
BOND909,21,1394205.394,0.02153167,AA,0.049644377
BOND910,22,2039558.657,0.016730085,AA,0.021851405
BOND911,6,7430592.456,-0.000694002,AA,0.036558156
BOND912,4,4768935.8,0.01856736,AA,0.021240358
BOND913,3,15544386.19,0.033902224,AA,0.0533935
BOND914,30,505877.2994,0.008630017,AA,0.034655666
BOND915,4,5836.256933,0.039357231,AA,0.037674456
BOND916,9,329598.5656,0.021359476,AA,0.04267126
BOND917,14,255112.4819,0.025828736,AA,0.036707586
BOND918,2,6086836.389,0.012402147,AA,0.0339224
BOND919,30,1172810.904,0.016181943,AA,0.046416883
BOND920,11,6970793.405,0.021301293,AA,0.020943545
BOND921,4,6440356.981,0.017413998,AA,0.050380466
BOND922,27,3413636.425,0.038155706,AA,0.054131793
BOND923,22,5632576.578,0.01483384,AA,0.033237909
BOND924,21,3964009.287,0.016244002,AA,0.034518691
BOND925,6,995261.7617,0.02660435,AA,0.043669286
BOND926,30,897629.0285,0.017224436,AA,0.013994143
BOND927,29,1026315.971,0.026176631,AA,0.054220013
BOND928,24,5392212.343,0.017164962,AA,0.037118382
BOND929,10,4157140.334,0.024843813,AA,0.03859054
BOND930,27,652184.1342,0.013326211,AA,0.04133338
BOND931,10,732616.1331,0.019097675,AA,0.036582648
BOND932,17,2785916.264,0.02406332,AA,0.039295114
BOND933,15,9709644.844,0.017078583,AA,0.040621148
BOND934,4,5836.256933,0.024640587,AA,0.037320289
BOND935,14,5982475.188,0.018864375,AA,0.058323662
BOND936,30,1276747.372,0.0161345,AA,0.066844751
BOND937,10,3733048.781,0.025402192,AA,0.036673416
BOND938,13,944432.3475,0.027544586,AA,0.022103745
BOND939,19,4168.754952,0.030735991,AA,0.041975563
BOND940,8,7711517.073,0.013825451,AA,0.038625241
BOND941,8,4635987.611,0.013511597,AA,0.037946327
BOND942,30,1489799.672,0.020219383,AA,0.033723238
BOND943,17,1855964.243,0.007705502,AA,0.02302925
BOND944,13,8605566.124,0.010921762,AA,0.031689862
BOND945,12,3605195.883,0.017397864,AA,0.041030222
BOND946,4,6991447.381,0.020830758,AA,0.046687443
BOND947,10,3162506.278,0.027176731,AA,0.021187001
BOND948,19,9825224.074,0.022494566,AA,0.039045071
BOND949,9,4168.754952,0.005149758,AA,0.01782927
BOND950,4,12596090.58,0.027559859,AA,0.051101204
BOND951,22,2357905.432,0.028580566,AA,0.024702449
BOND952,9,2181045.102,0.03236582,AA,0.053275215
BOND953,29,833.7509905,0.005225125,AA,0.046199908
BOND954,27,4400842.757,0.029823913,AA,0.052284186
BOND955,9,4257041.601,0.018255411,AA,0.004353231
BOND956,6,2574272.207,0.008394858,AA,0.041600795
BOND957,4,3003455.352,0.009326349,AA,0.02413683
BOND958,7,9623221.856,0.020913972,AA,0.062781482
BOND959,14,6194491.155,0.018593106,AA,0.03409278
BOND960,8,7766957.421,0.003080172,AA,0.059430301
BOND961,2,21676803.61,0.038521181,AA,0.037622246
BOND962,10,4692272.654,0.018192235,AA,0.034271708
BOND963,7,1318513.744,0.035169664,AA,0.049773351
BOND964,9,1765188.094,0.016028206,AA,0.055327981
BOND965,5,15831079.28,0.030219389,AA,0.034857736
BOND966,3,4313696.661,0.021663743,AA,0.064130054
BOND967,24,5634282.662,0.031891302,AA,0.067361922
BOND968,8,8354495.178,0.00977213,AA,0.047355075
BOND969,12,4168.754952,0.011179745,AA,0.03525445
BOND970,2,10958594.28,0.023943334,AA,0.018971772
BOND971,29,1728616.997,0.034147605,AA,0.048169184
BOND972,9,7105361.882,0.026781461,AA,0.055266707
BOND973,3,739715.0484,0.019096142,AA,0.024800867
BOND974,5,3059958.402,0.028917045,AA,0.055057492
BOND975,20,3525841.238,0.018419157,AA,0.049204354
BOND976,29,2335955.075,0.016037077,AA,0.035642809
BOND977,9,4622450.337,0.009968799,AA,0.048551962
BOND978,3,2142534.759,0.030064872,AA,0.025429091
BOND979,24,363713.7975,0.017319529,AA,0.035243513
BOND980,15,5640883.162,0.026440655,AA,0.030320065
BOND981,6,9115522.374,0.022861571,AA,0.040276518
BOND982,28,3599088.198,0.023517259,AA,0.033963331
BOND983,3,6683673.067,0.004516059,AA,0.022526307
BOND984,2,8973706.948,0.025559805,AA,0.034110645
BOND985,15,4626085.588,0.022006224,AA,0.039674674
BOND986,6,5146913.638,0.02744712,AA,0.030780958
BOND987,12,3502912.992,0.02436578,AA,0.048344404
BOND988,21,8177933.43,0.021792556,AA,0.026177403
BOND989,21,4309626.853,0.026356662,AA,0.062597585
BOND990,2,6752168.363,0.01053306,AA,0.055187663
BOND991,1,12658655.75,0.022459634,AA,0.056512365
BOND992,29,904182.317,0.009486158,AA,0.040391973
BOND993,20,10145511.17,0.013978164,AA,0.055449925
BOND994,18,6850549.688,0.004005225,AA,0.04041195
BOND995,10,3008987.924,0.015283126,AA,0.043920215
BOND996,16,3410037.591,0.018906676,AA,0.041720909
BOND997,15,5652896.531,0.023127271,AA,0.056125996
BOND998,17,140144.6898,0.023643869,AA,0.030806808
BOND999,6,3335.003962,0.003618098,AA,0.034193274
BOND1000,9,4851853.561,0.018699324,AA,0.051812526
BOND1001,12,2090623.497,0.014585205,AA,0.047479265
BOND1002,5,4430367.376,0.016278452,AA,0.038912708
BOND1003,7,7464989.751,0.022910116,AA,0.039781214
BOND1004,6,1485847.113,0.032426744,AA,0.019067642
BOND1005,25,401092.1985,0.017525093,AA,0.021081082
BOND1006,14,12374287.95,0.021762547,AA,0.023970707
BOND1007,4,7224577.786,0.009455365,AA,0.040506573
BOND1008,30,1184468.827,0.016901599,AA,0.018860874
BOND1009,13,3821318.788,0.016390427,AA,0.03117947
BOND1010,23,1734061.558,0.024551976,AA,0.008007791
BOND1011,11,5050902.616,0.012628481,AA,0.007737168
BOND1012,21,1364790.438,0.035173268,AA,0.03185015
BOND1013,13,3801820.146,0.014549634,AA,0.049730085
BOND1014,18,8640812.384,0.008944224,AA,0.031045639
BOND1015,6,4832150.16,0.006486259,AA,0.040168917
BOND1016,1,10880039.17,0.026910124,AA,0.026714031
BOND1017,23,273262.617,0.019398185,AA,0.022799514
BOND1018,27,2815395.055,0.028059096,AA,0.020255287
BOND1019,10,9108601.055,0.039354901,AA,0.031178869
BOND1020,27,1543639.733,0.024279891,AA,0.025911031
BOND1021,17,3538663.914,0.034783658,AA,0.042787296
BOND1022,13,7228135.156,0.023948257,AA,0.046220246
BOND1023,14,10648654.5,0.019472624,AA,0.041014105
BOND1024,9,5734086.683,0.02385435,AA,0.029563803
BOND1025,6,3556363.162,0.01642116,AA,0.018339359
BOND1026,17,1517867.435,0.01382383,AA,0.044740897
BOND1027,25,724990.4104,0.011109008,AA,0.042699158
BOND1028,7,1329875.256,0.015850196,AA,0.041248446
BOND1029,14,2870218.3,0.022703518,AA,0.02032813
BOND1030,6,7342828.483,0.029172055,AA,0
BOND1031,26,3453837.993,0.022607817,AA,0.038981285
BOND1032,3,6656761.85,0.022223474,AA,0.020810108
BOND1033,20,10988130.97,0.024708679,AA,0.038711935
BOND1034,25,6502930.502,0.025751294,AA,0.030073363
BOND1035,25,2296234.144,0.024039186,AA,0.04421326
BOND1036,6,1281063.122,0.014327938,AA,0.019588473
BOND1037,15,485309.8621,0.010809874,AA,0.021232001
BOND1038,7,2762975.384,0.025767677,AA,0.071253378
BOND1039,3,7814448.255,0.034638691,AA,0.049029548
BOND1040,16,2988344.532,0.028494505,AA,0.030867567
BOND1041,7,4704092.034,0.020976834,AA,0.011774326
BOND1042,6,2827179.674,0.036630214,AA,0.044420602
BOND1043,12,7278041.001,0.027284384,AA,0.04082826
BOND1044,29,1358263.3,0.010010265,AA,0.057806351
BOND1045,15,3110135.096,0.032637384,AA,0.033228724
BOND1046,23,3335.003962,0.020656005,AA,0.026363004
BOND1047,16,6826276.963,0.018825132,AA,0.035828526
BOND1048,17,877161.5967,0.015755695,AA,0.016283974
BOND1049,20,2699171.186,0.026276461,AA,0.040856456
BOND1050,4,5836.256933,0.015510321,AA,0.043424308
BOND1051,4,15190201.12,0.02247382,AA,0.040492182
BOND1052,20,870463.2098,0.022010629,AA,0.034417471
BOND1053,28,992582.1545,0.020953298,AA,0.026803183
BOND1054,6,3896437.261,0.025909802,AA,0.040688241
BOND1055,15,5070094.855,0.011023999,AA,0.046768032
BOND1056,13,3353150.239,0.014778747,AA,0.053442626
BOND1057,5,7503.758914,0.012247743,AA,0.062477347
BOND1058,1,11644182.13,0.016602727,AA,0.020749129
BOND1059,13,3676240.778,0.029932983,AA,0.034795142
BOND1060,29,882427.0824,0.027997752,AA,0.047944363
BOND1061,1,10399105.78,0.01630756,AA,0.029235513
BOND1062,17,2501.252971,0.024903344,AA,0.039351034
BOND1063,9,10246928.25,0.030799418,AA,0.024131573
BOND1064,12,3369262.823,0.016409965,AA,0.04070056
BOND1065,14,5645910.979,0.016478496,AA,0.057726272
BOND1066,29,533784.8411,0.007875483,AA,0.020758803
BOND1067,3,12243860.55,0.026126264,AA,0.016973942
BOND1068,7,5858579.79,0.022712224,AA,0.054618059
BOND1069,1,14555947.81,0.021721521,AA,0.053370522
BOND1070,20,1496235.513,0.032866986,AA,0.030703251
BOND1071,8,3490732.907,0.009756946,AA,0.039016195
BOND1072,1,5419.381438,0.021546135,AA,0.009826246
BOND1073,14,3221065.117,0.022400147,AA,0.025128169
BOND1074,4,8748179.516,0.028106543,AA,0.019005277
BOND1075,8,9275379.474,0.008018694,AA,0.041343995
BOND1076,10,5850100.686,0.011663359,AA,0.012913228
BOND1077,16,3855276.777,0.031796539,AA,0.046134937
BOND1078,16,1974126.614,0.031580255,AA,0.052891221
BOND1079,27,2178891.285,0.027153603,AA,0.038542354
BOND1080,4,5836.256933,0.009854613,AA,0.05032653
BOND1081,5,18579160.02,0.024964418,AA,0.050260175
BOND1082,23,7148478.267,0.017699252,AA,0.042284103
BOND1083,21,1931837.537,0.019940583,AA,0.036846912
BOND1084,12,9859174.963,0.011116208,AA,0.006461489
BOND1085,20,6165399.963,0.018431267,AA,0.033223201
BOND1086,13,4868650.515,0.016729775,AA,0.038830025
BOND1087,17,5148955.011,0.013360759,AA,0.053865023
BOND1088,3,10345834.26,0.029513558,AA,0.041595222
BOND1089,15,4776284.589,0.028045642,AA,0.039554893
BOND1090,7,1189547.777,0.033408641,AA,0.029415507
BOND1091,26,2300656.872,0.009116498,AA,0.048276649
BOND1092,3,7124018.073,0.012072665,AA,0.034043143
BOND1093,7,5156120.186,0.014144011,AA,0.022882061
BOND1094,12,846493.4251,0.016866471,AA,0.025638839
BOND1095,5,7503.758914,0.023603382,AA,0.043267784
BOND1096,14,4168.754952,0.020874568,AA,0.032518777
BOND1097,3,10686569.78,0.01672666,AA,0.033362197
BOND1098,20,1350984.512,0.027557061,AA,0.046108865
BOND1099,30,1533708.275,0.034513681,AA,0.026206274
BOND1100,4,4006416.039,0.018366197,AA,0.056641635
BOND1101,13,4343424.476,0.006375233,AA,0.040765233
BOND1102,23,2397378.06,0.010972103,AA,0.032970974
BOND1103,9,3627405.728,0.023214788,AA,0.042283481
BOND1104,9,4709356.912,0.013018192,AA,0.024563445
BOND1105,6,5928279,0.022347519,AA,0.042332738
BOND1106,16,1102981.549,0.02216523,AA,0.044083152
BOND1107,16,5272659.597,0.020571146,AA,0.038014051
BOND1108,2,3735022.98,0.012539669,AA,0.047475433
BOND1109,12,7994171.097,-0.000552552,AA,0.036823004
BOND1110,29,485718.6988,0.023126069,AA,0.028681617
BOND1111,21,859592.043,0.031338263,AA,0.021940643
BOND1112,14,4625683.381,0.026023121,AA,0.014453541
BOND1113,28,3657753.452,0.012263622,AA,0.020335734
BOND1114,8,3570044.11,0.029443943,AA,0.019605367
BOND1115,13,7056878.614,0.014401054,AA,0.055785175
BOND1116,7,1470875.425,0.026336266,AA,0.065958816
BOND1117,15,11651986.35,0.040394998,AA,0.030711476
BOND1118,2,3590417.977,0.011679371,AA,0.032341259
BOND1119,21,4187919.772,0.02655706,AA,0.030785541
BOND1120,13,2757873.135,0.017630226,AA,0.046168641
BOND1121,12,5688209.742,0.008759518,AA,0.04552826
BOND1122,10,7446362.245,0.01895428,AA,0.031221445
BOND1123,14,4168.754952,0.018649744,AA,0.04594294
BOND1124,12,4168.754952,0.013579594,AA,0.039609423
BOND1125,13,6916337.864,0.019367019,AA,0.058535672
BOND1126,16,2501.252971,0.021681596,AA,0.036237825
BOND1127,17,1540325.888,0.032156957,AA,0.028789469
BOND1128,16,676625.2057,0.013935863,A,0.030716447
BOND1129,14,2315830.198,-0.00205536,A,0.037781183
BOND1130,29,268163.1247,0.005267453,A,0.049930952
BOND1131,3,8100881.615,0.028397147,A,0.030251687
BOND1132,8,8712003.901,0.031697874,A,0.031567966
BOND1133,18,1079993.626,-0.000940453,A,0.025096289
BOND1134,2,4510638.274,0.016028259,A,0.043060328
BOND1135,5,3625438.742,0.030550895,A,0.039407079
BOND1136,15,7629388.489,0.018034273,A,0.047289969
BOND1137,18,484354.7304,0.032560281,A,0.046663873
BOND1138,6,4908649.206,0.050910703,A,0.032145018
BOND1139,21,3335.003962,0.023642835,A,0.020944051
BOND1140,6,3335.003962,0.026283054,A,0.026299124
BOND1141,9,1099506.74,0.017553831,A,0.013842582
BOND1142,3,17096956.18,0.022761084,A,0.059570619
BOND1143,2,9082946.24,0.03430233,A,0.052057145
BOND1144,10,3683608.97,0.015974218,A,0.027760829
BOND1145,13,4168.754952,0.046217907,A,0.026891881
BOND1146,8,9919366.411,0.044834335,A,0.051421838
BOND1147,2,10410725.14,0.036465791,A,0.043187433
BOND1148,21,4711719.354,0.019622918,A,0.079312651
BOND1149,26,1854875.379,0.019373009,A,0.06791468
BOND1150,27,63091.57425,0.019618836,A,0.043899877
BOND1151,1,13014888.34,0.041000629,A,0.026651698
BOND1152,4,557554.594,0.002063321,A,0.018782261
BOND1153,25,6142912.43,0.024709167,A,0.030011685
BOND1154,26,395037.6156,0.013013983,A,0.040019868
BOND1155,3,8553586.896,0.037608973,A,0.033226925
BOND1156,6,2277840.518,0.02438739,A,0.044971379
BOND1157,30,1889678.23,0.02577757,A,0.042899943
BOND1158,5,7528013.261,0.045881399,A,0.029339765
BOND1159,11,8731943.899,0.044478345,A,0.019483211
BOND1160,9,1470017.81,0.03128224,A,0.0420046
BOND1161,5,9314754.605,0.011379691,A,0.026362942
BOND1162,18,7927889.391,0.031736074,A,0.051551002
BOND1163,6,6029144.857,0.007810653,A,0.053438216
BOND1164,12,14521586.07,0.03946518,A,0
BOND1165,4,4289397.479,0.038467434,A,0.033827026
BOND1166,2,4758668.049,0.034296665,A,0.041084249
BOND1167,16,7280857.43,0.04837878,A,0.043961441
BOND1168,6,3335.003962,0.025867455,A,0.033543606
BOND1169,3,3201466.245,0.010340813,A,0.027987317
BOND1170,18,4168.754952,0.011170484,A,0.032250583
BOND1171,15,5646018.865,0.002279925,A,0.006862322
BOND1172,1,6263993.249,0.013667853,A,0.042363565
BOND1173,6,3335.003962,0.0259035,A,0.047522143
BOND1174,16,5056216.8,0.02576327,A,0.057599365
BOND1175,1,6913918.714,0.008140946,A,0.012749618
BOND1176,9,55657.79455,0.036428319,A,0.032521712
BOND1177,6,6560132.84,0.017160894,A,0.024908896
BOND1178,6,2761378.514,-0.025830699,A,0.029759109
BOND1179,11,3271549.337,0.009435168,A,0.066438142
BOND1180,22,1792474.503,0.025460127,A,0.041754921
BOND1181,30,833.7509905,0.04965337,A,0.035176334
BOND1182,6,6629441.968,0.050557265,A,0.041858114
BOND1183,1,19306243.15,0.047787644,A,0.036672238
BOND1184,4,5836.256933,0.020061798,A,0.044925618
BOND1185,17,4930996.061,0.026764259,A,0.045389911
BOND1186,21,3335.003962,0.034377735,A,0.059180043
BOND1187,2,6325285.183,0.012484917,A,0.030592169
BOND1188,1,13569146.27,0.036813964,A,0.022647168
BOND1189,9,5094930.284,0.035603878,A,0.008818684
BOND1190,25,2501.252971,0.03346152,A,0.034945445
BOND1191,16,582202.2823,-0.005082151,A,0.029373642
BOND1192,23,3335.003962,0.008528512,A,0.015024697
BOND1193,8,180365.9813,0.023967035,A,0.028762559
BOND1194,23,2115755.662,0.03221751,A,0.01987152
BOND1195,11,8162165.575,0.024153977,A,0.052529055
BOND1196,29,1215434.145,0.018614436,A,0.020680718
BOND1197,14,845604.9317,0.018059217,A,0.046596273
BOND1198,2,8126595.04,0.008137952,A,0.026189794
BOND1199,2,21026830.06,-0.003587453,A,0.048748546
BOND1200,19,1120495.57,-0.003546372,A,0.050370862
BOND1201,1,5224646.028,0.011730624,A,0.072767463
BOND1202,11,7966324.189,0.010516727,A,0.024672293
BOND1203,13,504982.5544,-0.000117637,A,0.045881403
BOND1204,12,5287384.185,0.02575173,A,0.03733356
BOND1205,29,593193.0363,0.041170527,A,0.032709368
BOND1206,26,1238505.022,0.001022798,A,0.05518376
BOND1207,23,4911452.498,0.050255588,A,0.052852595
BOND1208,8,5002.505943,0.026792979,A,0.015280656
BOND1209,16,617199.8239,0.046470127,A,0.03876979
BOND1210,25,5352533.623,0.038139678,A,0.041464674
BOND1211,3,5384703.672,0.032747748,A,0.031575525
BOND1212,1,5419.381438,0.01449164,A,0.0474011
BOND1213,4,12283726.49,-0.003306982,A,0.020716157
BOND1214,7,7669329.812,0.034844733,A,0.025229253
BOND1215,6,2400883.775,0.013380036,A,0.042390118
BOND1216,20,6853813.885,0.048455476,A,0.076924099
BOND1217,24,1323977.606,0.028825365,A,0.047654225
BOND1218,10,7116320.27,-0.001202673,A,0.039166804
BOND1219,7,3770831.363,0.001926574,A,0.052776611
BOND1220,23,1324863.912,0.032670793,A,0.054274966
BOND1221,17,9447150.056,0.027839903,A,0.028617546
BOND1222,4,9973916.555,0.010199023,A,0.022469902
BOND1223,25,1634198.388,0.013079271,A,0.044659947
BOND1224,11,5979183.001,0.003772639,A,0.042334291
BOND1225,17,702927.5819,-0.003669933,A,0
BOND1226,9,4520210.85,0.03089272,A,0.028144839
BOND1227,28,4108290.331,0.007926389,A,0.028322494
BOND1228,5,7503.758914,0.03008957,A,0.062873526
BOND1229,5,2542596.155,0.053547717,A,0.026259394
BOND1230,23,5541303.149,0.017668658,A,0.080183751
BOND1231,19,7845872.595,0.028870109,A,0.019104687
BOND1232,8,9251902.983,0.022949396,A,0.050944473
BOND1233,6,1169228.489,0.037555466,A,0.028913599
BOND1234,29,1621267.437,0.019159025,A,0.035871842
BOND1235,7,2858472.003,0.022994084,A,0.038643339
BOND1236,23,2791830.666,0.046062261,A,0.047247194
BOND1237,4,9358605.481,0.036171846,A,0.040171374
BOND1238,2,4267029.759,0.013471664,A,0.040738922
BOND1239,10,6625610.309,0.019246036,A,0.032283699
BOND1240,14,5974086.75,0.039779063,A,0.030015726
BOND1241,28,1891943.425,0.038491654,A,0.048567922
BOND1242,9,11131360.39,0.035108933,A,0.01755226
BOND1243,8,6892113.228,0.047704176,A,0.041893529
BOND1244,13,8516671.514,0.040294681,A,0.031253281
BOND1245,27,1667.501981,0.042667783,A,0.044573791
BOND1246,9,1721555.72,0.035168234,A,0
BOND1247,4,1539379.156,0.025300721,A,0.039177149
BOND1248,3,14976912.12,0.017574024,A,0.03427286
BOND1249,6,12005468.67,0.026409483,A,0.027787461
BOND1250,30,130763.5137,0.001612786,A,0.043551947
BOND1251,24,5183719.321,0.012327648,A,0.03288404
BOND1252,20,3722708.031,0.026293664,A,0.047378345
BOND1253,18,7297248.097,0.003369226,A,0.034208936
BOND1254,13,6967599.201,0.031731912,A,0.039413287
BOND1255,18,1134035.347,0.030351047,A,0.037285604
BOND1256,29,1128148.976,0.019365056,A,0.051173027
BOND1257,6,12070790.87,0.024652183,A,0.033717606
BOND1258,14,8293328.716,0.01080619,A,0.065551078
BOND1259,8,10176473.98,-0.00629957,A,0.06083446
BOND1260,7,4046841.687,0.056507806,A,0.036945305
BOND1261,24,4584262.246,0.012106044,A,0.05039691
BOND1262,21,4616447.129,0.042952031,A,0.032370837
BOND1263,9,4168.754952,-0.006132964,A,0.0608852
BOND1264,10,3200697.467,0.025847042,A,0.020927092
BOND1265,6,9353485.545,0.030438693,A,0.033297464
BOND1266,13,9379642.181,0.017751675,A,0.068777829
BOND1267,5,12158113.58,0.011994919,A,0.025071261
BOND1268,5,27281833.58,0.005729021,A,0.04672577
BOND1269,28,3190609.112,0.029841789,A,0.059678924
BOND1270,2,9668131.107,0.024373624,A,0.033644158
BOND1271,8,14163244.32,0.028815486,A,0.043871569
BOND1272,5,34412184.55,0.00686389,A,0.04453688
BOND1273,16,4737589.732,0.04241426,A,0.031046501
BOND1274,9,4168.754952,0.004919127,A,0.027299663
BOND1275,4,14840884.94,0.008697985,A,0.071220045
BOND1276,9,4168.754952,0.029368086,A,0.064950018
BOND1277,13,3508103.481,0.04637404,A,0.049800452
BOND1278,10,5841435.904,0.014665239,A,0.025574769
BOND1279,6,7737892.484,0.0139779,A,0.030210521
BOND1280,18,6435367.346,0.022182467,A,0.023553963
BOND1281,9,4168.754952,0.041893877,A,0.069941776
BOND1282,11,732285.2036,0.039424519,A,0.046637667
BOND1283,6,7071638.685,-0.001379309,A,0.058532777
BOND1284,16,2976017.41,0.027014938,A,0.034290682
BOND1285,6,617655.5691,0.025878633,A,0.061278821
BOND1286,25,667012.7207,0.011632379,A,0.019595202
BOND1287,26,534491.9564,0.023738472,A,0.039652938
BOND1288,17,7390770.822,0.043230658,A,0.05340942
BOND1289,20,12423.4631,0.035335205,A,0.030306156
BOND1290,8,5002.505943,0.003292363,A,0.050900113
BOND1291,24,3227279.508,0.05155548,A,0.02803585
BOND1292,16,158006.6387,0.015398255,A,0.038580287
BOND1293,8,10677288.03,0.012885485,A,0.010875495
BOND1294,22,3335.003962,0.037310622,A,0.051682663
BOND1295,29,1938314.093,0.054618031,A,0.032265867
BOND1296,1,3120789.344,0.016177234,A,0.025707674
BOND1297,1,5399069.748,0.053564599,A,0.042269058
BOND1298,15,4846989.97,-0.008124113,A,0.037546168
BOND1299,23,6801170.731,0.029442914,A,0.044965012
BOND1300,4,10731077.31,0.020875499,A,0.044160901
BOND1301,19,7069956.035,0.032916165,A,0.027173633
BOND1302,6,3335.003962,0.005449994,A,0.055390941
BOND1303,27,1105414.548,0.008939369,A,0.036846838
BOND1304,4,11306950.04,0.012294754,A,0.044737448
BOND1305,8,693053.3435,-0.011609618,A,0.043799241
BOND1306,17,2501.252971,-0.002575141,A,0.070875676
BOND1307,23,6796510.403,0.00305337,A,0.046509235
BOND1308,8,3335016.89,0.025682438,A,0.022932959
BOND1309,8,5929501.889,-0.004118652,A,0.04602614
BOND1310,10,10645349.46,-0.001940726,A,0.043074511
BOND1311,10,10650481.45,0.055988731,A,0.017317592
BOND1312,17,6989739.874,0.025473571,A,0.040876436
BOND1313,17,1399983.765,0.022268244,A,0.047646554
BOND1314,1,11320420.27,0.021446652,A,0.038350014
BOND1315,17,4070129.091,0.009541698,A,0.046708399
BOND1316,20,3335.003962,0.011491028,A,0.034414019
BOND1317,11,1097843.216,0.043387251,A,0.032486852
BOND1318,17,5145279.919,0.05286992,A,0.033750658
BOND1319,15,2878538.845,0.025316453,A,0.026930194
BOND1320,7,3095448.511,0.038882453,A,0.056318974
BOND1321,14,11164735.72,0.049999247,A,0.049921633
BOND1322,2,8714917.32,0.032462513,A,0.018904578
BOND1323,8,10058659.86,0.042185883,A,0.046748114
BOND1324,1,5246183.517,0.05968038,A,0.031051654
BOND1325,21,9711964.885,-0.002178465,A,0.040402975
BOND1326,8,3903343.982,0.034460107,A,0.049792129
BOND1327,15,5332265.198,0.001393131,A,0.062518292
BOND1328,10,3997414.54,0.012646651,A,0.049344208
BOND1329,10,4168.754952,0.005789044,A,0.054345628
BOND1330,21,4845991.091,0.033026735,A,0.034033511
BOND1331,2,5836.256933,0.016157073,A,0.015697676
BOND1332,11,7000306.508,0.028540762,A,0.043921924
BOND1333,13,4759784.557,0.043768798,A,0.052910229
BOND1334,10,4431220.76,0.052074268,A,0.043487222
BOND1335,8,5065985.705,0.031000663,A,0.038484085
BOND1336,3,1906800.341,0.007438893,A,0.059211432
BOND1337,29,833.7509905,0.027296533,A,0.06478674
BOND1338,26,2318357.413,0.023453136,A,0.035209544
BOND1339,22,3379838.462,0.051346014,A,0.057143711
BOND1340,16,2708643.058,0.0409909,A,0.024393772
BOND1341,28,2030605.776,0.002899456,A,0.031847544
BOND1342,30,2223989.347,0.013676757,A,0.038232229
BOND1343,6,7527133.399,0.049252568,A,0.044703194
BOND1344,5,2301212.849,0.020378806,A,0.058106612
BOND1345,16,5049008.76,0.073191331,A,0.020000273
BOND1346,15,11484972.01,0.03923894,A,0.058266108
BOND1347,20,3335.003962,0.036905932,A,0.044781891
BOND1348,9,4168.754952,0.016983104,A,0.03126843
BOND1349,4,8130305.571,0.001116973,A,0.024507635
BOND1350,14,10674236.54,0.031999355,A,0.068140148
BOND1351,19,397270.3293,0.03767904,A,0.047597122
BOND1352,9,906000.9334,0.01522392,A,0.026202909
BOND1353,11,821892.3111,-0.001974381,A,0.043211796
BOND1354,6,939384.3104,0.011401931,A,0.037718465
BOND1355,11,6162439.885,0.025761913,A,0.029042688
BOND1356,16,883969.9691,-0.007793119,A,0.020256943
BOND1357,5,7503.758914,0.020888171,A,0.035039829
BOND1358,8,8644527.973,0.041316765,A,0.023112101
BOND1359,9,5002236.488,0.000819484,A,0.051457039
BOND1360,18,3222509.807,0.030213302,A,0.038180619
BOND1361,13,11929749,0.048575841,A,0.055848765
BOND1362,8,17687571.99,0.034102364,A,0.068908448
BOND1363,27,1715591.334,0.034811323,A,0.05156029
BOND1364,6,2374972.044,0.005159251,A,0.049730817
BOND1365,13,8495578.944,0.03509414,A,0.066647383
BOND1366,6,8087103.336,0.007569223,A,0.039577807
BOND1367,7,4168.754952,0.018387748,A,0.057110996
BOND1368,19,2672673.453,0.030714341,A,0.049342851
BOND1369,15,4168.754952,0.037163302,A,0.045025942
BOND1370,14,8018103.642,0.007256128,A,0.037664226
BOND1371,18,7681877.77,0.01313342,A,0.073382307
BOND1372,20,1430685.936,0.050719636,A,0.057084592
BOND1373,14,1959995.929,0.047898514,A,0.01644711
BOND1374,17,2501.252971,0.020990978,A,0.051890121
BOND1375,17,1733846.921,0.028545224,A,0.037521498
BOND1376,26,324253.78,-0.007712377,A,0.037947852
BOND1377,4,12390563.88,0.02477107,A,0.030299156
BOND1378,15,4953074.045,0.001813246,A,0.040520077
BOND1379,11,12722932.15,0.008632658,A,0.031838123
BOND1380,3,2637035.921,0.032889601,A,0.034512792
BOND1381,8,4870829.715,0.024333991,A,0
BOND1382,10,8993576.225,0.014521175,A,0.030884074
BOND1383,6,4340121.113,0.036143604,A,0.025000154
BOND1384,27,2604863.348,0.059725739,A,0.049669248
BOND1385,26,3850725.559,-0.002234498,A,0.040833488
BOND1386,25,2730998.446,0.013816273,A,0.038379057
BOND1387,27,881779.8063,0.017187789,A,0.021388814
BOND1388,16,4004377.922,0.033615155,A,0.04829491
BOND1389,16,2807327.125,-0.009088927,A,0.042726565
BOND1390,28,1667.501981,0.010628803,A,0.039493871
BOND1391,4,5836.256933,0.004888328,A,0.031212763
BOND1392,17,2501.252971,0.042269546,A,0.044279518
BOND1393,11,9836009.226,0.032378291,A,0.046944548
BOND1394,25,3241806.27,0.033333063,A,0.059450113
BOND1395,10,929817.6401,0.000645137,A,0.047848067
BOND1396,1,4566630.409,0.022006467,A,0.04375587
BOND1397,8,8242192.851,0.014949113,A,0.02571035
BOND1398,12,4168.754952,0.044111225,A,0.021852851
BOND1399,15,12800814.85,0.000228777,A,0.01798533
BOND1400,17,7576316.014,0.009830762,A,0.04285614
BOND1401,22,1759401.48,0.001431488,A,0.051586167
BOND1402,9,973489.8656,0.036662671,A,0.038119084
BOND1403,22,418231.9827,0.043286849,A,0.056591723
BOND1404,2,6762101.887,0.01616805,A,0.036896298
BOND1405,16,5473853.532,0.011508477,A,0.035093591
BOND1406,4,6587819.184,0.033258428,A,0.037468434
BOND1407,1,3797506.869,0.033315924,A,0.046547855
BOND1408,25,246966.4549,0.057526427,A,0.065287476
BOND1409,16,11133667.13,-0.003472871,A,0.051058805
BOND1410,15,3853747.744,0.011908097,A,0.040219789
BOND1411,16,5121219.35,0.03723147,A,0.03565016
BOND1412,2,15132641.89,0.026539995,A,0.02025147
BOND1413,17,5039009.57,0.031060186,A,0.054805086
BOND1414,22,648395.4646,0.020072188,A,0.036544393
BOND1415,6,3048126.394,-0.006119509,A,0
BOND1416,24,8543381.926,0.027394513,A,0.042440258
BOND1417,11,11455061.88,0.012356131,A,0.075547996
BOND1418,3,5836.256933,0.061439105,A,0.043078477
BOND1419,10,1691262.413,-0.020457602,A,0.046680603
BOND1420,2,10026796.73,0.020930925,A,0.050286966
BOND1421,13,8441885.443,0.0314386,A,0.045789302
BOND1422,17,862292.0349,0.014426989,A,0.031370636
BOND1423,2,7768960.373,0.000664274,A,0.032911885
BOND1424,20,8687720.15,0.031202675,A,0.050948568
BOND1425,9,2522491.657,0.036999687,A,0.052318248
BOND1426,5,7503.758914,0.035259946,A,0.009438649
BOND1427,16,2234519.498,0.050206813,A,0.040054296
BOND1428,9,11036579.53,0.047134481,A,0.046103598
BOND1429,4,12201419.85,-0.003610259,A,0.047053202
BOND1430,18,4168.754952,0.014818392,A,0.032635717
BOND1431,23,12255989.91,0.017716607,A,0.045049761
BOND1432,2,10851473.24,0.026238565,A,0.061646436
BOND1433,2,11087730.3,0.031634918,A,0.045548119
BOND1434,2,7855007.555,0.008848857,A,0.06138984
BOND1435,30,833.7509905,-0.00505191,A,0.037467191
BOND1436,15,6785907.839,0.007045122,A,0.004038896
BOND1437,18,125950.5083,0.047472347,A,0.030794562
BOND1438,2,4274999.382,0.05171257,A,0.048700862
BOND1439,20,7986781.955,0.014869247,A,0.034764047
BOND1440,9,9792664.728,0.026445644,A,0.027529063
BOND1441,12,728832.7321,0.009168917,A,0.033901896
BOND1442,2,7587403.41,0.028986958,A,0.046162401
BOND1443,2,6153231.825,0.002207465,A,0.034829724
BOND1444,7,10410310.53,0.04324544,A,0.056316705
BOND1445,2,5836.256933,0.037066141,A,0.03631856
BOND1446,13,4168.754952,0.037108984,A,0.046153249
BOND1447,3,6940793.676,0.025270715,A,0.058723976
BOND1448,2,4207656.605,0.017702045,A,0.055675034
BOND1449,12,4168.754952,0.003333472,A,0.046511265
BOND1450,23,3335.003962,0.035542705,A,0.033986956
BOND1451,16,3399451.384,0.0331536,A,0.054563302
BOND1452,4,20876981.48,0.027823549,A,0.079877859
BOND1453,10,12357441.49,0.072773322,A,0.039250594
BOND1454,6,3335.003962,0.014035363,A,0.01145596
BOND1455,18,4303438.13,0.002952044,A,0.038265927
BOND1456,21,3266008.639,0.035064536,A,0.039387523
BOND1457,17,4587218.646,0.064913713,A,0.036555989
BOND1458,23,2565085.09,0.017080633,A,0.047167566
BOND1459,3,5836.256933,0.050380122,A,0.028651807
BOND1460,26,1357766.24,0.012838923,A,0.013595383
BOND1461,4,9995291.57,0.00752213,A,0.062683701
BOND1462,10,2469802.553,0.052904136,A,0.030231001
BOND1463,15,4168.754952,0.038384921,A,0.031306363
BOND1464,7,178047.63,0.043580026,A,0.035284971
BOND1465,25,375139.2108,0.030026507,A,0.040968942
BOND1466,3,279103.763,0.016296843,A,0.040602588
BOND1467,23,3335.003962,0.026813956,A,0.033972667
BOND1468,4,5371794.241,0.009943451,A,0.037687521
BOND1469,8,10591525.34,0.028225147,A,0.049483086
BOND1470,3,5836.256933,-0.006689576,A,0.00626271
BOND1471,24,5230004.678,0.016034143,A,0.077283405
BOND1472,10,5620039.644,0.030491165,A,0.027399866
BOND1473,2,8505567.511,0.028717502,A,0.022996723
BOND1474,1,20861811.97,0.002477127,A,0.041819573
BOND1475,2,11588768.9,0.035481882,A,0.059997048
BOND1476,6,10153864.48,0.006827758,A,0.02813986
BOND1477,12,4168.754952,0.02009038,A,0.029845814
BOND1478,4,5788066.136,0.006792232,A,0.044630325
BOND1479,5,7503.758914,0.016369775,A,0.035632198
BOND1480,14,4168.754952,0.02616987,A,0.053316911
BOND1481,27,5184905.103,0.031854966,A,0.034720542
BOND1482,1,5419.381438,0.032097396,A,0.035205287
BOND1483,18,5136552.6,0.029964165,A,0.025766659
BOND1484,23,1888136.384,0.035243009,A,0.061034705
BOND1485,7,4168.754952,0.003476293,A,0.031083753
BOND1486,5,1302907.614,0.020344492,A,0.018885997
BOND1487,22,4990487.314,0.008360019,A,0.040775916
BOND1488,2,5836.256933,0.039089613,A,0.047211498
BOND1489,8,2241301.418,0.024407786,A,0.062842834
BOND1490,22,4562208.087,0.015825093,A,0.073180752
BOND1491,22,3802400.062,0.013079916,A,0.034669572
BOND1492,7,9041382.965,0.018712336,A,0.03634156
BOND1493,10,4168.754952,-0.001660672,A,0.034532688
BOND1494,14,4168.754952,0.04945641,A,0.058538147
BOND1495,7,2348149.971,0.023829644,A,0.023627095
BOND1496,5,17433091.84,-0.000185399,A,0.051095904
BOND1497,3,10701372.72,0.025793132,A,0.049578124
BOND1498,6,3765438.514,0.004004069,A,0.023698347
BOND1499,6,5743636.591,0.029790182,A,0.031867893
BOND1500,11,138384.6094,-0.026224533,A,0.066823525
BOND1501,24,3432556.542,0.031363329,A,0.035422208
BOND1502,8,10781945.38,0.025985458,A,0.028914216
BOND1503,13,11127669.32,-0.004748967,A,0.068091765
BOND1504,8,8823025.172,0.032939918,A,0.047702528
BOND1505,30,2575968,0.040584571,A,0.039980583
BOND1506,4,6768376.528,0.058343712,A,0.041942596
BOND1507,3,5836.256933,0.031842427,A,0.033484663
BOND1508,14,4168.754952,0.020055581,A,0.01865289
BOND1509,6,4074411.876,0.025032919,A,0.056746662
BOND1510,22,1741426.994,0.004819598,A,0.057287324
BOND1511,12,14872917.88,-0.01077495,A,0.038127648
BOND1512,10,8430961.749,0.020880865,A,0.032823927
BOND1513,2,8836100.263,0.03102257,A,0.048766177
BOND1514,9,838262.1508,0.021712421,A,0.04313777
BOND1515,24,4141924.308,0.044284159,A,0.056654197
BOND1516,11,7924938.195,0.022042009,A,0.020605564
BOND1517,7,8349234.123,0.006835253,A,0.047649835
BOND1518,6,7858359.783,0.021343837,A,0.038416674
BOND1519,8,5880383.849,0.00635491,A,0.03920691
BOND1520,3,5836.256933,0.023463743,A,0.053569831
BOND1521,1,9060029.279,0.010294825,A,0.029022039
BOND1522,5,19356700.32,0.035434016,A,0.031215211
BOND1523,20,3452467.171,0.026989223,A,0.04871017
BOND1524,17,8984619.247,0.028739615,A,0.043170428
BOND1525,9,6884732.851,0.012961617,A,0.081804952
BOND1526,29,1257909.338,0.042817224,A,0.027966787
BOND1527,22,6263900.8,0.034206152,A,0.050424492
BOND1528,14,5364981.991,0.036201575,A,0.041591064
BOND1529,9,4328757.33,0.035495688,A,0.049654101
BOND1530,10,1144567.057,0.071241182,A,0.037468479
BOND1531,29,729042.9795,0.018054047,A,0.04393355
BOND1532,7,620402.9275,0.054348403,A,0.056474743
BOND1533,1,5419.381438,0.038234061,A,0.016362973
BOND1534,11,1916434.994,0.019211079,A,0.009301669
BOND1535,21,1208462.211,0.037801404,A,0.057910629
BOND1536,25,4299540.221,0.031568268,A,0.034681565
BOND1537,4,19708330.45,0.018033117,BBB,0.035304205
BOND1538,8,10465510.89,0.065482239,BBB,0.037223182
BOND1539,10,7528570.173,0.064258971,BBB,0.024555885
BOND1540,9,4323727.625,0.047133976,BBB,0.071727958
BOND1541,8,7836720.338,0.034745274,BBB,0.054809886
BOND1542,15,10468372.71,0.046731798,BBB,0.032025558
BOND1543,9,4168.754952,0.048132708,BBB,0.029115058
BOND1544,4,2094879.389,0.052490194,BBB,0.041358928
BOND1545,20,23600147.29,0.04020155,BBB,0.038419253
BOND1546,26,1485585.406,0.028656066,BBB,0.033372754
BOND1547,17,2828184.574,0.03777068,BBB,0.042063284
BOND1548,12,9552918.124,0.037843355,BBB,0.036862553
BOND1549,11,2192433.13,0.064966776,BBB,0.043214531
BOND1550,17,638008.226,0.050913951,BBB,0.0271259
BOND1551,8,48644588.3,0.035288278,BBB,0.003256488
BOND1552,13,3971353.034,0.03426477,BBB,0.02491752
BOND1553,10,15975596.94,0.060294235,BBB,0.023003408
BOND1554,14,4168.754952,0.02261364,BBB,0.034173233
BOND1555,9,14843246.28,0.009407278,BBB,0.031078565
BOND1556,20,5433439.37,0.011205668,BBB,0.028799061
BOND1557,9,10526434.73,0.032272631,BBB,0.024238398
BOND1558,1,10715986.51,0.033184025,BBB,0.080536842
BOND1559,2,5836.256933,0.037125882,BBB,0.02961397
BOND1560,14,7337615.725,0.059380356,BBB,0.039358196
BOND1561,10,7755736.439,0.027878117,BBB,0.043312221
BOND1562,16,2501.252971,0.04408336,BBB,0.040920421
BOND1563,13,24482332.93,0.048857836,BBB,0.033833511
BOND1564,19,14416487.84,0.059456541,BBB,0.033800682
BOND1565,11,6760843.229,0.040605455,BBB,0.022384047
BOND1566,8,12575704.09,0.044676393,BBB,0.026725881
BOND1567,22,3335.003962,0.028922909,BBB,0.024205138
BOND1568,27,1667.501981,0.001554286,BBB,0.027512777
BOND1569,14,4168.754952,0.029797047,BBB,0.041690579
BOND1570,16,2501.252971,0.043567829,BBB,0.028702084
BOND1571,2,5836.256933,0.037283752,BBB,0.052161467
BOND1572,4,62030997.47,0.035051169,BBB,0.027831995
BOND1573,4,5836.256933,0.017080153,BBB,0.026322247
BOND1574,11,27103702.48,-0.000603908,BBB,0.047755788
BOND1575,9,28835935.47,0.037611551,BBB,0.030663499
BOND1576,7,2717406.004,0.024298038,BBB,0.075889075
BOND1577,16,2501.252971,0.007012102,BBB,0.065369021
BOND1578,17,2501.252971,0.012441144,BBB,0.047764179
BOND1579,13,4168.754952,0.006670665,BBB,0.013653556
BOND1580,12,2403129.009,0.016850917,BBB,0.033266182
BOND1581,6,6733455.755,0.052724862,BBB,0.03051677
BOND1582,9,4168.754952,0.017432828,BBB,0.034465956
BOND1583,16,12343315.21,0.013722968,BBB,0.06141322
BOND1584,10,5255752.326,0.050561205,BBB,0.014676047
BOND1585,4,36401062,0.049409357,BBB,0.030073948
BOND1586,17,19584510.35,0.021140579,BBB,0.0343742
BOND1587,8,10849723.19,0.013453233,BBB,0.008280593
BOND1588,4,5836.256933,0.023753807,BBB,0.028422117
BOND1589,15,2047321.698,0.021914074,BBB,0.045399644
BOND1590,4,5836.256933,0.018040759,BBB,0.047506347
BOND1591,6,35914381.19,0.036052304,BBB,0.068272468
BOND1592,5,7503.758914,0.053762373,BBB,0.043378797
BOND1593,4,12701308.7,0.032356958,BBB,0.025729612
BOND1594,1,5419.381438,0.047240914,BBB,0.04050867
BOND1595,1,19567967.66,0.020007926,BBB,0.018754774
BOND1596,2,27716022.75,0.036727228,BBB,0.036513842
BOND1597,10,21736899.19,0.051621888,BBB,0.019163935
BOND1598,7,16287337.19,0.066142839,BBB,0.039004241
BOND1599,3,5836.256933,0.040681326,BBB,0.057318683
BOND1600,6,3335.003962,0.019017502,BBB,0.028592228
BOND1601,9,4168.754952,0.029815934,BBB,0.033004336
BOND1602,1,16605031.88,0.013413438,BBB,0.040611678
BOND1603,11,17459033.53,0.017810216,BBB,0.059187625
BOND1604,6,19949803.62,0.001884998,BBB,0.031125741
BOND1605,6,2701011.182,0.035605847,BBB,0.044676373
BOND1606,7,14106673.62,0.048521614,BBB,0.025983899
BOND1607,1,19226714.2,0.048969714,BBB,0.0134193
BOND1608,5,13168181.59,0.078768582,BBB,0.034084223
BOND1609,17,2501.252971,-0.006935466,BBB,0.054485662
BOND1610,8,18781418.82,0.048533906,BBB,0.030690742
BOND1611,6,38060277.41,0.018960582,BBB,0.028843587
BOND1612,28,1667.501981,0.000639556,BBB,0.032493668
BOND1613,3,23839756.88,0.010540156,BBB,0.028009281
BOND1614,14,13546914.92,0.074485796,BBB,0.031093185
BOND1615,3,5836.256933,0.057663466,BBB,0.046938188
BOND1616,5,2519634.233,0.009884141,BBB,0.052064576
BOND1617,6,13807671.67,0.030215874,BBB,0.053584738
BOND1618,6,22053785.72,0.020842581,BBB,0.022252766
BOND1619,7,9054201.69,0.022895872,BBB,0.02600731
BOND1620,2,23487035.24,0.052300168,BBB,0.041504928
BOND1621,9,4168.754952,0.031183723,BBB,0.053318849
BOND1622,14,4168.754952,0.035311694,BBB,0.039911274
BOND1623,7,395596.1363,-0.002585214,BBB,0.054639403
BOND1624,1,24774776.5,0.009959701,BBB,0.042651273
BOND1625,12,4168.754952,0.05048046,BBB,0.012401717
BOND1626,30,1164042.073,0.061838124,BBB,0.050322784
BOND1627,1,433956.1722,0.054156852,BBB,0.056948666
BOND1628,14,4168.754952,0.047400861,BBB,0.03434655
BOND1629,10,16778695.15,0.037122667,BBB,0.037513889
BOND1630,8,1122950.8,0.041540311,BBB,0.037385641
BOND1631,12,36441420.61,0.054691531,BBB,0.046398151
BOND1632,2,5836.256933,0.054714475,BBB,0.047559034
BOND1633,7,4168.754952,0.031933182,BBB,0.027030758
BOND1634,27,12685917.21,-0.002257798,BBB,0.065300043
BOND1635,9,476385.5715,0.066269393,BBB,0.04013869
BOND1636,14,8173785.911,0.004578588,BBB,0.023533421
BOND1637,9,31438955.27,0.071781293,BBB,0.043073982
BOND1638,17,10128387.86,0.022403859,BBB,0.039968359
BOND1639,10,5455761.898,0.026798154,BBB,0.004803492
BOND1640,8,5002.505943,0.03064293,BBB,0.062754147
BOND1641,7,4168.754952,0.040728112,BBB,0.030391684
BOND1642,28,1667.501981,0.066314457,BBB,0.032752588
BOND1643,9,3861919.423,0.037426071,BBB,0.052078611
BOND1644,15,17699674.02,-0.006961822,BBB,0.04561178
BOND1645,6,3335.003962,0.049765435,BBB,0.050114732
BOND1646,16,9621057.768,0.044080359,BBB,0.03821409
BOND1647,8,316998.6342,0.026036011,BBB,0.066900693
BOND1648,8,36712384.49,0.027558157,BBB,0.034233832
BOND1649,7,23936513.6,0.030872754,BBB,0.052593287
BOND1650,11,4168.754952,0.063597098,BBB,0.053616929
BOND1651,30,833.7509905,0.026922301,BBB,0.059593301
BOND1652,2,21430459.83,0.026417161,BBB,0.033838201
BOND1653,14,8644401.596,0.019121416,BBB,0.039887595
BOND1654,8,5002.505943,0.021968772,BBB,0.068090656
BOND1655,3,5836.256933,0.033194189,BBB,0.060461425
BOND1656,9,26870608.38,0.036782487,BBB,0.044098739
BOND1657,10,4716150.628,0.032018143,BBB,0.042567681
BOND1658,6,12826656.43,0.01635997,BBB,0.022814043
BOND1659,10,13907554.05,0.049779829,BBB,0.030425435
BOND1660,21,3335.003962,0.012273106,BBB,0.032807423
BOND1661,10,6484758.462,0.027948167,BBB,0.008550095
BOND1662,14,4168.754952,0.03353853,BBB,0.027421667
BOND1663,13,8208134.569,0.042512065,BBB,0.044512573
BOND1664,8,5002.505943,0.034744655,BBB,0.042802549
BOND1665,16,9973356.147,0.033126361,BBB,0.044446903
BOND1666,2,8862944.311,0.033322573,BBB,0.070152277
BOND1667,10,4168.754952,0.069850075,BBB,0.048065512
BOND1668,3,7976686.724,0.027569425,BBB,0.048719008
BOND1669,4,22650665.06,0.016132439,BBB,0.027546554
BOND1670,1,25492395.46,0.040358105,BBB,0.051920591
BOND1671,13,4168.754952,0.045925058,BBB,0.024708907
BOND1672,8,24448831.45,0.03983521,BBB,0.01048634
BOND1673,3,27720040.18,0.033349337,BBB,0.011871045
BOND1674,30,833.7509905,0.037732508,BBB,0.024124518
BOND1675,2,6357423.767,0.014832292,BBB,0.043987557
BOND1676,10,4168.754952,0.028066752,BBB,0.074234943
BOND1677,9,13065831.28,0.019200533,BBB,0.05801692
BOND1678,16,4109054.322,0.06132857,BBB,0.032564676
BOND1679,5,7503.758914,0.052670266,BBB,0.027608382
BOND1680,9,9901705.596,0.038184919,BBB,0.042326168
BOND1681,13,18224469.37,0.02582466,BBB,0.054336173
BOND1682,7,549874.2109,0.02409852,BBB,0.025137074
BOND1683,9,4168.754952,0.029308626,BBB,0.056725858
BOND1684,30,4612940.688,0.02879683,BBB,0.041431627
BOND1685,8,24904166.27,0.034307636,BBB,0.052188175
BOND1686,5,7503.758914,0.010400339,BBB,0.05365054
BOND1687,15,18960405.86,0.046960304,BBB,0.06334481
BOND1688,18,24541982.94,0.061084949,BBB,0.011405616
BOND1689,2,5836.256933,0.050677495,BBB,0.054908425
BOND1690,14,4168.754952,0.057673707,BBB,0.058406543
BOND1691,6,3335.003962,0.030459119,BBB,0.042784785
BOND1692,3,29651620.82,0.024592254,BBB,0.068559107
BOND1693,11,4168.754952,-0.012773831,BBB,0.039831316
BOND1694,14,4168.754952,0.043091359,BBB,0.037228904
BOND1695,3,46093040.58,0.07374029,BBB,0.021739204
BOND1696,12,8345984.918,0.032044621,BBB,0.040322244
BOND1697,6,7991157.948,5.14E-05,BBB,0.031248704
BOND1698,10,4638974.659,0.028290874,BBB,0.031249033
BOND1699,3,18045870.68,0.018756597,BBB,0.035164591
BOND1700,14,29066560.66,0.055002607,BBB,0.049966558
BOND1701,26,1667.501981,0.000717809,BBB,0.049317923
BOND1702,8,16891154.43,0.043019633,BBB,0.033576841
BOND1703,1,22537073.09,0.017335631,BBB,0.067494772
BOND1704,2,40678881.52,0.053790595,BBB,0.048474177
BOND1705,7,27425002.34,0.012591309,BBB,0.025502443
BOND1706,23,12279399.24,0.039130139,BBB,0.053399342
BOND1707,2,5836.256933,0.029408913,BBB,0.024141021
BOND1708,4,126256.9341,0.019389628,BBB,0.035092094
BOND1709,22,15955294.55,0.025474574,BBB,0.023680591
BOND1710,19,4168.754952,0.015049643,BBB,0
BOND1711,6,20061266.31,0.044060377,BBB,0.045742851
BOND1712,9,4168.754952,0.073243865,BBB,0.044329369
BOND1713,12,35900034.43,0.05645592,BBB,0.037396689
BOND1714,4,22380279.16,0.016726768,BBB,0.039563444
BOND1715,11,13023318.69,0.034340052,BBB,0.026116669
BOND1716,15,4168.754952,0.020144864,BBB,0.04019652
BOND1717,3,12769541.42,0.029331274,BBB,0.056603023
BOND1718,16,2501.252971,0.036026621,BBB,0.075448461
BOND1719,17,6950313.681,0.022766707,BBB,0.044045611
BOND1720,7,20912175.26,0.064048152,BBB,0.036562544
BOND1721,7,12743111.91,0.014915061,BBB,0.058956161
BOND1722,5,7503.758914,0.03425734,BBB,0.03876884
BOND1723,4,16466374.95,0.050089603,BBB,0.034878309
BOND1724,15,4256953.926,0.025681846,BBB,0.021327205
BOND1725,14,18356593.4,0.033440091,BBB,0.031180972
BOND1726,11,4168.754952,0.014477577,BBB,0.047918976
BOND1727,11,17276926.85,0.026459428,BBB,0.066330975
BOND1728,11,7851603.398,0.047787175,BBB,0.043002484
BOND1729,9,25177972.49,0.027225037,BBB,0.026089475
BOND1730,15,7124312.472,0.042587901,BBB,0.026816847
BOND1731,4,6028122.729,0.064852052,BBB,0.036183101
BOND1732,5,22002535.55,0.045364365,BBB,0.04567045
BOND1733,3,5836.256933,0.045280894,BBB,0.031438432
BOND1734,1,5419.381438,0.033239795,BBB,0.028105866
BOND1735,3,5836.256933,0.017854925,BBB,0.058850873
BOND1736,17,1890244.35,0.020796956,BBB,0.029781002
BOND1737,8,19805553.27,0.017201431,BBB,0.052149267
BOND1738,9,31787736.61,0.040575216,BBB,0.052174991
BOND1739,11,45048869.53,0.021739313,BBB,0.038763455
BOND1740,14,32624955.31,0.036667379,BBB,0.034202759
BOND1741,9,11457806.37,0.02654304,BBB,0.042892088
BOND1742,15,8943219.639,0.016682166,BBB,0.044834562
BOND1743,7,14608737.7,0.036214579,BBB,0.034342275
BOND1744,13,15628528.72,-0.00083368,BBB,0.029830174
BOND1745,11,6959558.684,0.00333278,BBB,0.040287621
BOND1746,4,5836.256933,0.068840936,BBB,0.034423893
BOND1747,6,3335.003962,0.006373269,BBB,0.053071517
BOND1748,10,4168.754952,0.030719697,BBB,0.044029949
BOND1749,14,27866193.83,0.048898087,BBB,0.070942663
BOND1750,2,5836.256933,0.016750298,BBB,0.033752236
BOND1751,13,4168.754952,0.000286325,BBB,0.052510111
BOND1752,5,34006861.11,0.009895206,BBB,0.04837947
BOND1753,16,8080939.398,0.034007541,BBB,0.035097929
BOND1754,7,25900410.45,0.063755356,BBB,0.069219266
BOND1755,6,3335.003962,0.021139441,BBB,0.038753157
BOND1756,1,12819202.07,0.040048099,BBB,0.034870221
BOND1757,6,3335.003962,-0.010257279,BBB,0.043173921
BOND1758,7,21774263.38,0.060327665,BBB,0.020870506
BOND1759,12,4168.754952,0.079822218,BBB,0.020166985
BOND1760,12,4168.754952,0.029006093,BBB,0.046648034
BOND1761,3,2194096.755,0.050973243,BBB,0.028248393
BOND1762,5,7503.758914,0.043584555,BBB,0.041736521
BOND1763,26,17452128.01,0.021821377,BBB,0.030767201
BOND1764,8,5002.505943,0.035647078,BBB,0.050995855
BOND1765,3,19344017.17,-0.011080501,BBB,0.035682319
BOND1766,9,26579525.38,0.015110804,BBB,0.060617535
BOND1767,8,3465971.561,0.029805375,BBB,0.033453699
BOND1768,3,13300956.35,0.046477799,BBB,0.053094435
BOND1769,9,30577868,0.042838388,BBB,0.042705531
BOND1770,14,25428458.16,0.022595751,BBB,0.046719462
BOND1771,16,18525863.46,0.04479472,BBB,0.037593219
BOND1772,3,44329974.68,0.016685039,BBB,0.031567962
BOND1773,27,5137375.828,0.049985643,BBB,0.022859984
BOND1774,7,4168.754952,0.044056308,BBB,0.024020648
BOND1775,12,45016121.27,0.033768433,BBB,0.037007525
BOND1776,16,23799323.6,0.018690124,BBB,0.039996769
BOND1777,2,22639024.36,0.030026806,BBB,0.045966933
BOND1778,16,4645935.39,0.0136288,BBB,0.061952257
BOND1779,7,6997034.258,0.084193872,BBB,0.037972217
BOND1780,7,13092722.96,0.026024086,BBB,0.037973327
BOND1781,3,22007296.26,0.032344654,BBB,0.039968424
BOND1782,5,7503.758914,0.023770428,BBB,0.061384457
BOND1783,17,2564767.699,0.008881838,BBB,0.028798319
BOND1784,16,3562256.948,0.026723355,BBB,0.080768383
BOND1785,15,4168.754952,0.015468591,BBB,0.051198372
BOND1786,12,6837098.443,0.025921974,BBB,0.049600282
BOND1787,9,4168.754952,0.02750992,BBB,0.020407576
BOND1788,19,4168.754952,0.018975431,BBB,0.050783715
BOND1789,14,4168.754952,0.080496129,BBB,0.060993892
BOND1790,9,11263371.06,0.027988002,BBB,0.041019706
BOND1791,14,25119300.03,0.050165988,BBB,0.025521963
BOND1792,7,2093773.526,0.037718413,BBB,0.056504096
BOND1793,28,5652423.571,0.043800579,BBB,0.035630969
BOND1794,9,10937922.16,0.04359189,BBB,0.028034855
BOND1795,4,25578682.29,0.05132623,BBB,0.049574813
BOND1796,14,17347326.66,0.036324782,BBB,0.027987488
BOND1797,8,6609240.698,0.020479652,BBB,0.047928887
BOND1798,2,5836.256933,0.020313428,BBB,0.046732607
BOND1799,7,24766702.34,0.035770191,BBB,0.023160976
BOND1800,8,5002.505943,0.05093815,BBB,0.03641108
BOND1801,12,4168.754952,0.020242321,BBB,0.045199693
BOND1802,1,43275208.91,0.04368512,BBB,0.025004233
BOND1803,7,5225369.851,0.048457853,BBB,0.051056743
BOND1804,15,4460638.78,0.057633179,BBB,0.032098712
BOND1805,5,7503.758914,0.045193774,BBB,0.044621113
BOND1806,7,12385468.8,0.024876732,BBB,0.049274997
BOND1807,21,1074975.235,0.012011795,BBB,0.030440297
BOND1808,17,4992521.301,0.036580549,BBB,0.036099703
BOND1809,6,10069127.49,0.024729131,BBB,0.046377069
BOND1810,6,25115280.33,0.036590623,BBB,0.061766084
BOND1811,10,8154659.815,0.032604222,BBB,0.032431783
BOND1812,12,27973078.58,0.016353208,BBB,0.049662257
BOND1813,8,1964653.308,0.033014377,BBB,0.041978578
BOND1814,14,4168.754952,0.008138479,BBB,0.032211425
BOND1815,6,920218.9482,0.041260693,BBB,0.049711252
BOND1816,4,5836.256933,0.056845951,BBB,0.030155644
BOND1817,6,20795720.56,0.016267777,BBB,0.063190192
BOND1818,8,15642403.21,0.018205837,BBB,0.035753759
BOND1819,15,35461947.09,0.040246947,BBB,0.042298939
BOND1820,8,18383446.84,-0.000189828,BBB,0.046316198
BOND1821,14,14770485.9,-0.004398972,BBB,0.073896287
BOND1822,14,4168.754952,0.017579426,BBB,0.018912226
BOND1823,4,7384759.885,0.024545102,BBB,0.019809199
BOND1824,11,3083782.219,0.023932605,BBB,0.024708019
BOND1825,13,10517394.49,0.009788365,BBB,0.033700104
BOND1826,17,5651984.175,0.054747737,BBB,0.031829314
BOND1827,13,23725476.51,0.033964392,BBB,0.026983207
BOND1828,16,9488347.854,0.081131735,BBB,0.014082412
BOND1829,16,2501.252971,0.026277891,BBB,0.035367449
BOND1830,16,4125543.035,0.045381459,BBB,0.053210988
BOND1831,13,19470004.03,0.011026393,BBB,0.032451495
BOND1832,14,4168.754952,0.024866897,BBB,0.038585786
BOND1833,7,19763057.3,0.04300737,BBB,0.044183066
BOND1834,12,27591486.62,0.025657775,BBB,0.009983499
BOND1835,28,11450954.59,0.040182329,BBB,0.03890486
BOND1836,10,10945806.75,0.048807446,BBB,0.049764516
BOND1837,16,8150473.708,0.048809373,BBB,0.017163066
BOND1838,7,6432911.364,0.039108461,BBB,0.035935195
BOND1839,5,29154320.71,0.045380698,BBB,0.0275258
BOND1840,7,4168.754952,0.009012473,BBB,0.027763542
BOND1841,21,13597301.39,-0.009776202,BBB,0.058468344
BOND1842,6,3335.003962,0.037031791,BBB,0.014707702
BOND1843,21,21554357.25,0.033899407,BBB,0.046365796
BOND1844,17,2501.252971,0.038037522,BBB,0.025492819
BOND1845,6,12185821.78,-0.005127712,BBB,0.022279496
BOND1846,16,2501.252971,0.020074595,BBB,0.041065476
BOND1847,4,31114695.5,0.01420401,BBB,0.024642441
BOND1848,23,2848902.539,0.03622482,BBB,0.028212941
BOND1849,12,21425786.18,0.032465987,BBB,0.024578185
BOND1850,10,14706575.66,-0.005444931,BBB,0.056751264
BOND1851,8,5002.505943,0.01495257,BBB,0.039709257
BOND1852,6,7748262.217,0.029927557,BBB,0.037413404
BOND1853,7,4168.754952,0.022967669,BBB,0.034657291
BOND1854,12,10413086.63,0.022814977,BBB,0.025556794
BOND1855,17,7746964.155,0.021777323,BBB,0.043458308
BOND1856,14,24035315.57,0.065949649,BBB,0.04401635
BOND1857,9,4174346.963,-0.001698124,BBB,0.052464601
BOND1858,3,5836.256933,0.033480375,BBB,0.0517131
BOND1859,10,2868201.752,0.032907491,BBB,0.02213733
BOND1860,8,16546775.52,0.012669415,BBB,0.036058752
BOND1861,10,4168.754952,0.027401586,BBB,0.062205381
BOND1862,6,5057827.136,0.016795079,BBB,0.042782721
BOND1863,10,4779050.136,0.058250655,BBB,0.044603651
BOND1864,2,26871514.53,0.057516458,BBB,0.049893473
BOND1865,10,4200806.199,0.013935379,BBB,0.025873565
BOND1866,5,7503.758914,0.018030708,BBB,0.044140511
BOND1867,14,4168.754952,0.067140522,BBB,0.026253689
BOND1868,2,5836.256933,0.040950217,BBB,0.06794452
BOND1869,6,12518912.35,0.038737215,BBB,0.050035488
BOND1870,9,20837474.17,0.03129092,BBB,0.032976441
BOND1871,12,4168.754952,0.031791452,BBB,0.055613671
BOND1872,30,1677274.557,0.02622828,BBB,0
BOND1873,13,1919951.611,0.047416076,BBB,0.046836815
BOND1874,7,22465807.21,0.01133584,BBB,0.037399655
BOND1875,17,2501.252971,0.032341607,BBB,0.031970104
BOND1876,6,3335.003962,0.022702815,BBB,0.034485478
BOND1877,27,1667.501981,0.054695352,BBB,0.05814596
BOND1878,11,12956715.95,0.01178318,BBB,0.061762321
BOND1879,7,8084986.666,-0.006602544,BBB,0.049898277
BOND1880,11,22523451.19,0.055079514,BBB,0.031480745
BOND1881,10,28195558.38,0.026232536,BBB,0.019708711
BOND1882,11,4168.754952,0.028003332,BBB,0.054433928
BOND1883,15,14791019.4,0.027366739,BBB,0.019274576
BOND1884,14,4168.754952,0.012451338,BBB,0.034947764
BOND1885,6,3335.003962,0.029850724,BBB,0.044847159
BOND1886,2,341098.5556,0.019349543,BBB,0.038491787
BOND1887,10,4168.754952,0.010175995,BBB,0.043038369
BOND1888,7,4168.754952,0.015567254,BBB,0.02021177
BOND1889,10,4168.754952,0.025655489,BBB,0.055723372
BOND1890,27,1667.501981,-0.007366491,BBB,0.0266642
BOND1891,9,5388507.493,0.025954922,BBB,0.042834588
BOND1892,6,28192695.28,0.005349741,BBB,0.037882495
BOND1893,15,54763436.49,0.013277232,BBB,0.053215281
BOND1894,2,5836.256933,0.044564641,BBB,0.048300389
BOND1895,7,28184514.65,0.015274407,BBB,0.05365568
BOND1896,6,16572076.93,0.034377501,BBB,0.055766838
BOND1897,25,1533896.512,0.050121843,BBB,0.045504688
BOND1898,8,10473676.47,0.049397779,BBB,0.045179794
BOND1899,1,49834776.46,0.037941691,BBB,0.025918772
BOND1900,5,25627157.1,0.041297488,BBB,0.030795448
BOND1901,8,193133.4788,0.052945008,BBB,0.029176883
BOND1902,26,4573458.925,0.029700257,BBB,0.029285374
BOND1903,13,4168.754952,0.036490248,BBB,0.022879817
BOND1904,12,12966992.41,0.050185399,BBB,0.038022784
BOND1905,4,28062708.15,0.037557099,BBB,0.022922199
BOND1906,5,15509981.19,0.016964146,BBB,0.041189738
BOND1907,5,44606793.41,0.006974115,BBB,0.049611168
BOND1908,7,4168.754952,0.045108366,BBB,0.043617323
BOND1909,28,3315324.053,0.022137692,BBB,0.020198641
BOND1910,9,22754489.94,0.047663721,BBB,0.038363997
BOND1911,3,5836.256933,0.014597981,BBB,0.044024943
BOND1912,5,28886538.26,0.022086415,BBB,0.072591294
BOND1913,17,5727150.022,0.057107515,BBB,0.050656334
BOND1914,3,14432797.86,0.033649149,BBB,0.033447272
BOND1915,7,5103665.885,0.006449037,BBB,0.048135446
BOND1916,10,4168.754952,0.030272728,BBB,0.044679766
BOND1917,8,5002.505943,0.016713474,BBB,0.054104622
BOND1918,11,7398934.34,0.044577205,BBB,0.03858702
BOND1919,4,18243672.17,-0.020778263,BBB,0.054489208
BOND1920,10,12097195.36,0.035271369,BBB,0.04112825
BOND1921,1,3487279.751,0.03822728,BBB,0.059280982
BOND1922,11,16704095.5,0.034522184,BBB,0.038615281
BOND1923,28,4123513.382,0.04578676,BBB,0.009534713
BOND1924,6,3335.003962,0.029393631,BBB,0.052925737
BOND1925,18,4168.754952,0.021117984,BBB,0.009091219
BOND1926,8,5002.505943,0.014424509,BBB,0.040946759
BOND1927,6,2012887.6,0.038635565,BBB,0.04042082
BOND1928,26,7302048.132,0.019045023,BBB,0.034799979
BOND1929,11,4168.754952,0.021937776,BBB,0.030628153
BOND1930,4,17250492.08,0.030278479,BBB,0.035429116
BOND1931,1,22005690.89,0.029908059,BBB,0.028301467
BOND1932,10,4168.754952,-0.0022009,BBB,0.015021839
BOND1933,11,22259429.03,0.021493222,BBB,0.036796791
BOND1934,5,50063574.35,0.016746048,BBB,0.012797981
BOND1935,5,20328982.36,0.044802344,BBB,0.036827393
BOND1936,11,1299258.564,0.032451708,BBB,0.026920781
BOND1937,11,29133024.67,0.021876212,BBB,0.014164839
BOND1938,15,10927508.96,0.047846485,BBB,0.059834066
BOND1939,9,6524691.746,0.029749652,BBB,0.04411717
BOND1940,28,11696885.8,0.04350575,BBB,0.040989958
BOND1941,9,20695764.71,0.031682876,BBB,0.061189121
BOND1942,15,4168.754952,0.036300113,BBB,0.014314881
BOND1943,6,30862882.21,0.04885364,BBB,0.043179576
BOND1944,8,19798679.62,-0.020191466,BBB,0.048622612
BOND1945,10,9865945.1,0.050496513,BBB,0.07059892
BOND1946,9,23982079.06,0.007172112,BBB,0.045265101
BOND1947,6,3335.003962,0.007623374,BBB,0.014914821
BOND1948,10,14156010.35,0.009626484,BBB,0.039292029
BOND1949,11,4168.754952,0.016438278,BBB,0.051694646
BOND1950,9,23015772.61,0.004258926,BBB,0.050916442
BOND1951,3,27145334.03,0.016482818,BBB,0.044303976
BOND1952,20,3335.003962,0.026535264,BBB,0.062781328
BOND1953,4,39137197.97,0.021415429,BBB,0.014947543
BOND1954,27,3731511.028,-0.001986797,BBB,0.024302859
BOND1955,4,29662491.26,0.035204283,BBB,0.032252976
BOND1956,1,13593875.01,0.036418249,BBB,0.029354795
BOND1957,2,28574765.37,0.026970364,BBB,0.037797511
BOND1958,8,5002.505943,0.024077088,BBB,0.037941922
BOND1959,9,40631015.05,0.038272584,BBB,0.030124827
BOND1960,4,46989727.76,0.03669272,BBB,0.004745383
BOND1961,8,5002.505943,0.038522566,BBB,0.023173017
BOND1962,9,4168.754952,0.019215582,BBB,0.035013652
BOND1963,16,4856029.176,0.009457425,BBB,0.041896764
BOND1964,8,26320701.85,0.022481479,BBB,0.017680231
BOND1965,3,30065829.51,0.07940149,BBB,0.053677938
BOND1966,4,3254112.541,0.07090386,BBB,0.020019538
BOND1967,2,50816434.62,0.026723562,BBB,0.026365744
BOND1968,13,7416230.985,0.02184645,BBB,0.03321893
BOND1969,5,12885180.17,0.017468521,BBB,0.028304991
BOND1970,7,2992048.338,0.023184509,BBB,0.027511758
BOND1971,1,10780166.09,0.04900363,BBB,0.050196379
BOND1972,18,4168.754952,0.037103174,BBB,0.056952025
BOND1973,17,15385126.11,0.018695073,BBB,0.045052973
BOND1974,3,43010836.02,0.044730919,BBB,0.052794199
BOND1975,16,13184632.37,0.031760247,BBB,0.029763924
BOND1976,17,11534109.27,0.017407526,BBB,0.021486454
BOND1977,3,5836.256933,0.031821093,BBB,0.044710456
BOND1978,30,6002822.37,0.047136392,BBB,0.060162071
BOND1979,3,28344868.45,0.048291641,BBB,0.059024463
BOND1980,26,12336132.76,0.027370867,BBB,0.056270797
BOND1981,20,234873.3892,0.022853959,BBB,0.052822309
BOND1982,10,4168.754952,0.032901402,BBB,0.045050394
BOND1983,10,17514269.15,0.038576568,BBB,0.04493777
BOND1984,4,4755149.136,0.020533337,BBB,0.049345929
BOND1985,10,4168.754952,0.03876691,BBB,0.047862536
BOND1986,15,23296796.45,0.03281068,BBB,0.001595203
BOND1987,16,4533671.904,0.023789489,BBB,0.083633245
BOND1988,5,7503.758914,0.052734162,BBB,0.054332588
BOND1989,14,24164205.78,0.059813287,BBB,0.044999508
BOND1990,4,5836.256933,0.049241554,BBB,0.004147799
BOND1991,5,47934709.58,0.049148897,BBB,0.038027086
BOND1992,14,4168.754952,0.04988563,BBB,0.055978351
BOND1993,8,4907206.672,0.023515771,BBB,0.015600918
BOND1994,27,1667.501981,0.027970259,BBB,0.032351673